gameid,date,home,h_pts,away,a_pts,ot,type
22200001,2022-10-18T19:30:00Z,BOS,126,PHI,117,0,regular
22200002,2022-10-18T22:00:00Z,GSW,123,LAL,109,0,regular
22200003,2022-10-19T19:00:00Z,DET,113,ORL,109,0,regular
22200004,2022-10-19T19:00:00Z,IND,107,WAS,114,0,regular
22200008,2022-10-19T19:30:00Z,TOR,108,CLE,105,0,regular
22200007,2022-10-19T19:30:00Z,MIA,108,CHI,116,0,regular
22200009,2022-10-19T19:30:00Z,MEM,115,NYK,112,1,regular
22200005,2022-10-19T19:30:00Z,ATL,117,HOU,107,0,regular
22200006,2022-10-19T19:30:00Z,BKN,108,NOP,130,0,regular
22200010,2022-10-19T20:00:00Z,MIN,115,OKC,108,0,regular
22200011,2022-10-19T20:00:00Z,SAS,102,CHA,129,0,regular
22200012,2022-10-19T21:00:00Z,UTA,123,DEN,102,0,regular
22200013,2022-10-19T22:00:00Z,PHX,107,DAL,105,0,regular
22200014,2022-10-19T22:00:00Z,SAC,108,POR,115,0,regular
22200015,2022-10-20T19:30:00Z,PHI,88,MIL,90,0,regular
22200016,2022-10-20T22:00:00Z,LAL,97,LAC,103,0,regular
22200018,2022-10-21T19:00:00Z,IND,134,SAS,137,0,regular
22200019,2022-10-21T19:00:00Z,WAS,102,CHI,100,0,regular
22200017,2022-10-21T19:00:00Z,CHA,112,NOP,124,0,regular
22200020,2022-10-21T19:30:00Z,ATL,108,ORL,98,0,regular
22200021,2022-10-21T19:30:00Z,BKN,109,TOR,105,0,regular
22200022,2022-10-21T19:30:00Z,MIA,104,BOS,111,0,regular
22200023,2022-10-21T19:30:00Z,NYK,130,DET,106,0,regular
22200024,2022-10-21T20:00:00Z,HOU,122,MEM,129,0,regular
22200025,2022-10-21T20:00:00Z,MIN,126,UTA,132,1,regular
22200027,2022-10-21T22:00:00Z,POR,113,PHX,111,1,regular
22200026,2022-10-21T22:00:00Z,GSW,123,DEN,128,0,regular
22200028,2022-10-22T18:00:00Z,PHI,105,SAS,114,0,regular
22200029,2022-10-22T19:00:00Z,IND,124,DET,115,0,regular
22200030,2022-10-22T19:00:00Z,ORL,120,BOS,126,0,regular
22200031,2022-10-22T20:00:00Z,MIA,112,TOR,109,0,regular
22200032,2022-10-22T20:00:00Z,CHI,96,CLE,128,0,regular
22200033,2022-10-22T20:00:00Z,MIL,125,HOU,105,0,regular
22200034,2022-10-22T20:30:00Z,DAL,137,MEM,96,0,regular
22200035,2022-10-22T21:00:00Z,DEN,122,OKC,117,0,regular
22200036,2022-10-22T22:00:00Z,SAC,109,LAC,111,0,regular
22200037,2022-10-23T15:30:00Z,LAL,104,POR,106,0,regular
22200038,2022-10-23T17:00:00Z,ATL,109,CHA,126,0,regular
22200040,2022-10-23T19:00:00Z,NOP,121,UTA,122,1,regular
22200039,2022-10-23T19:00:00Z,CLE,117,WAS,107,1,regular
22200041,2022-10-23T20:00:00Z,OKC,106,MIN,116,0,regular
22200042,2022-10-23T20:30:00Z,GSW,130,SAC,125,0,regular
22200043,2022-10-23T22:00:00Z,LAC,95,PHX,112,0,regular
22200044,2022-10-24T19:00:00Z,PHI,120,IND,106,0,regular
22200045,2022-10-24T19:30:00Z,MIA,90,TOR,98,0,regular
22200046,2022-10-24T19:30:00Z,NYK,115,ORL,102,0,regular
22200050,2022-10-24T20:00:00Z,MIN,106,SAS,115,0,regular
22200049,2022-10-24T20:00:00Z,MEM,134,BKN,124,0,regular
22200047,2022-10-24T20:00:00Z,CHI,120,BOS,102,0,regular
22200048,2022-10-24T20:00:00Z,HOU,114,UTA,108,0,regular
22200051,2022-10-24T22:00:00Z,POR,135,DEN,110,0,regular
22200052,2022-10-25T19:00:00Z,WAS,120,DET,99,0,regular
22200053,2022-10-25T19:30:00Z,NOP,113,DAL,111,0,regular
22200054,2022-10-25T20:00:00Z,OKC,108,LAC,94,0,regular
22200055,2022-10-25T22:00:00Z,PHX,134,GSW,105,0,regular
22200057,2022-10-26T19:00:00Z,DET,113,ATL,118,0,regular
22200056,2022-10-26T19:00:00Z,CLE,103,ORL,92,0,regular
22200060,2022-10-26T19:30:00Z,MIL,110,BKN,99,0,regular
22200059,2022-10-26T19:30:00Z,TOR,119,PHI,109,0,regular
22200058,2022-10-26T19:30:00Z,NYK,134,CHA,131,1,regular
22200061,2022-10-26T20:00:00Z,CHI,124,IND,109,0,regular
22200062,2022-10-26T20:00:00Z,MIN,134,SAS,122,0,regular
22200063,2022-10-26T21:00:00Z,UTA,109,HOU,101,0,regular
22200064,2022-10-26T22:00:00Z,DEN,110,LAL,99,0,regular
22200065,2022-10-26T22:00:00Z,POR,98,MIA,119,0,regular
22200066,2022-10-27T19:30:00Z,BKN,125,DAL,129,1,regular
22200067,2022-10-27T20:00:00Z,OKC,118,LAC,110,0,regular
22200069,2022-10-27T22:00:00Z,SAC,110,MEM,125,0,regular
22200068,2022-10-27T22:00:00Z,GSW,123,MIA,110,0,regular
22200070,2022-10-28T19:00:00Z,DET,112,ATL,136,0,regular
22200071,2022-10-28T19:00:00Z,ORL,113,CHA,93,0,regular
22200072,2022-10-28T19:30:00Z,BOS,123,CLE,132,1,regular
22200073,2022-10-28T19:30:00Z,TOR,90,PHI,112,0,regular
22200074,2022-10-28T19:30:00Z,WAS,117,IND,127,0,regular
22200075,2022-10-28T20:00:00Z,MIL,119,NYK,108,0,regular
22200076,2022-10-28T20:00:00Z,MIN,111,LAL,102,0,regular
22200077,2022-10-28T20:30:00Z,SAS,129,CHI,124,0,regular
22200078,2022-10-28T21:00:00Z,DEN,117,UTA,101,0,regular
22200079,2022-10-28T22:00:00Z,PHX,124,NOP,111,0,regular
22200080,2022-10-28T22:00:00Z,POR,125,HOU,111,0,regular
22200081,2022-10-29T18:00:00Z,SAC,119,MIA,113,0,regular
22200082,2022-10-29T19:00:00Z,CHA,120,GSW,113,1,regular
22200083,2022-10-29T19:30:00Z,BKN,116,IND,125,0,regular
22200084,2022-10-29T20:00:00Z,CHI,109,PHI,114,0,regular
22200085,2022-10-29T20:00:00Z,MIL,123,ATL,115,0,regular
22200086,2022-10-29T21:00:00Z,DAL,111,OKC,117,1,regular
22200087,2022-10-29T21:00:00Z,UTA,124,MEM,123,0,regular
22200088,2022-10-30T15:00:00Z,LAC,91,NOP,112,0,regular
22200090,2022-10-30T18:00:00Z,CLE,121,NYK,108,0,regular
22200091,2022-10-30T18:00:00Z,DET,128,GSW,114,0,regular
22200089,2022-10-30T18:00:00Z,BOS,112,WAS,94,0,regular
22200092,2022-10-30T19:00:00Z,SAS,107,MIN,98,0,regular
22200093,2022-10-30T19:30:00Z,DAL,114,ORL,105,0,regular
22200094,2022-10-30T21:00:00Z,PHX,124,HOU,109,0,regular
22200095,2022-10-30T21:30:00Z,LAL,121,DEN,110,0,regular
22200096,2022-10-31T19:00:00Z,CHA,108,SAC,115,0,regular
22200097,2022-10-31T19:00:00Z,WAS,111,PHI,118,0,regular
22200099,2022-10-31T19:30:00Z,TOR,139,ATL,109,0,regular
22200098,2022-10-31T19:30:00Z,BKN,116,IND,109,0,regular
22200100,2022-10-31T20:00:00Z,MIL,110,DET,108,0,regular
22200101,2022-10-31T21:00:00Z,UTA,121,MEM,105,0,regular
22200102,2022-10-31T22:30:00Z,LAC,95,HOU,93,0,regular
22200103,2022-11-01T19:30:00Z,BKN,99,CHI,108,0,regular
22200104,2022-11-01T19:30:00Z,MIA,116,GSW,109,0,regular
22200105,2022-11-01T20:00:00Z,OKC,116,ORL,108,0,regular
22200106,2022-11-01T22:00:00Z,PHX,116,MIN,107,0,regular
22200108,2022-11-02T18:00:00Z,PHI,111,WAS,121,0,regular
22200107,2022-11-02T19:30:00Z,CLE,114,BOS,113,1,regular
22200109,2022-11-02T19:30:00Z,MIA,110,SAC,107,0,regular
22200110,2022-11-02T19:30:00Z,NYK,99,ATL,112,0,regular
22200114,2022-11-02T20:00:00Z,SAS,100,TOR,143,0,regular
22200113,2022-11-02T20:00:00Z,MIL,116,DET,91,0,regular
22200111,2022-11-02T20:00:00Z,CHI,106,CHA,88,0,regular
22200112,2022-11-02T20:00:00Z,HOU,101,LAC,109,0,regular
22200115,2022-11-02T20:30:00Z,DAL,103,UTA,100,0,regular
22200116,2022-11-02T22:00:00Z,POR,106,MEM,111,0,regular
22200117,2022-11-02T22:30:00Z,LAL,120,NOP,117,1,regular
22200118,2022-11-03T19:00:00Z,ORL,130,GSW,129,0,regular
22200119,2022-11-03T20:00:00Z,OKC,110,DEN,122,0,regular
22200123,2022-11-04T19:00:00Z,WAS,86,BKN,128,0,regular
22200122,2022-11-04T19:00:00Z,PHI,104,NYK,106,0,regular
22200121,2022-11-04T19:00:00Z,IND,101,MIA,99,0,regular
22200120,2022-11-04T19:00:00Z,DET,88,CLE,112,0,regular
22200124,2022-11-04T19:30:00Z,BOS,123,CHI,119,0,regular
22200125,2022-11-04T20:00:00Z,MEM,130,CHA,99,0,regular
22200126,2022-11-04T20:00:00Z,SAS,106,LAC,113,0,regular
22200127,2022-11-04T20:30:00Z,DAL,111,TOR,110,0,regular
22200128,2022-11-04T20:30:00Z,NOP,114,GSW,105,0,regular
22200129,2022-11-04T22:00:00Z,MIN,102,MIL,115,0,regular
22200130,2022-11-04T22:00:00Z,PHX,106,POR,108,0,regular
22200131,2022-11-04T22:30:00Z,LAL,116,UTA,130,0,regular
22200132,2022-11-05T17:00:00Z,ORL,123,SAC,126,1,regular
22200133,2022-11-05T19:00:00Z,CHA,94,BKN,98,0,regular
22200134,2022-11-05T19:30:00Z,ATL,124,NOP,121,1,regular
22200135,2022-11-05T19:30:00Z,NYK,118,BOS,133,0,regular
22200136,2022-11-05T20:00:00Z,MIL,108,OKC,94,0,regular
22200137,2022-11-05T20:00:00Z,MIN,129,HOU,117,0,regular
22200138,2022-11-05T21:00:00Z,DEN,126,SAS,101,0,regular
22200139,2022-11-05T22:00:00Z,PHX,102,POR,82,0,regular
22200140,2022-11-06T15:30:00Z,LAL,100,CLE,114,0,regular
22200142,2022-11-06T18:00:00Z,MEM,103,WAS,97,0,regular
22200141,2022-11-06T18:00:00Z,TOR,113,CHI,104,0,regular
22200143,2022-11-06T22:00:00Z,LAC,102,UTA,110,0,regular
22200144,2022-11-07T19:00:00Z,CHA,100,WAS,108,0,regular
22200145,2022-11-07T19:15:00Z,ORL,127,HOU,134,0,regular
22200146,2022-11-07T19:30:00Z,DET,112,OKC,103,0,regular
22200147,2022-11-07T19:45:00Z,IND,129,NOP,122,0,regular
22200148,2022-11-07T20:00:00Z,PHI,100,PHX,88,0,regular
22200149,2022-11-07T20:15:00Z,ATL,117,MIL,98,0,regular
22200150,2022-11-07T20:30:00Z,MIA,107,POR,110,0,regular
22200151,2022-11-07T20:45:00Z,CHI,111,TOR,97,0,regular
22200152,2022-11-07T21:00:00Z,MEM,106,BOS,109,0,regular
22200153,2022-11-07T21:15:00Z,MIN,107,NYK,120,0,regular
22200154,2022-11-07T21:30:00Z,SAS,109,DEN,115,0,regular
22200155,2022-11-07T21:45:00Z,DAL,96,BKN,94,0,regular
22200156,2022-11-07T22:00:00Z,GSW,116,SAC,113,0,regular
22200157,2022-11-07T22:15:00Z,UTA,139,LAL,116,0,regular
22200158,2022-11-07T22:30:00Z,LAC,119,CLE,117,0,regular
22200161,2022-11-09T17:30:00Z,ORL,94,DAL,87,0,regular
22200160,2022-11-09T19:00:00Z,IND,119,DEN,122,0,regular
22200159,2022-11-09T19:00:00Z,CHA,95,POR,105,0,regular
22200165,2022-11-09T19:30:00Z,TOR,116,HOU,109,0,regular
22200164,2022-11-09T19:30:00Z,BKN,112,NYK,85,0,regular
22200163,2022-11-09T19:30:00Z,BOS,128,DET,112,0,regular
22200162,2022-11-09T19:30:00Z,ATL,119,UTA,125,0,regular
22200166,2022-11-09T20:00:00Z,CHI,111,NOP,115,0,regular
22200167,2022-11-09T20:00:00Z,MIN,117,PHX,129,0,regular
22200168,2022-11-09T20:00:00Z,OKC,132,MIL,136,2,regular
22200169,2022-11-09T20:00:00Z,SAS,122,MEM,124,1,regular
22200170,2022-11-09T22:00:00Z,LAC,114,LAL,101,0,regular
22200171,2022-11-09T22:00:00Z,SAC,127,CLE,120,0,regular
22200172,2022-11-10T19:00:00Z,WAS,113,DAL,105,0,regular
22200174,2022-11-10T19:30:00Z,MIA,117,CHA,112,1,regular
22200173,2022-11-10T19:30:00Z,ATL,104,PHI,95,0,regular
22200175,2022-11-10T20:00:00Z,NOP,95,POR,106,0,regular
22200176,2022-11-11T19:00:00Z,BOS,131,DEN,112,0,regular
22200177,2022-11-11T19:00:00Z,ORL,114,PHX,97,0,regular
22200178,2022-11-11T19:30:00Z,NYK,121,DET,112,0,regular
22200179,2022-11-11T20:00:00Z,OKC,132,TOR,113,0,regular
22200180,2022-11-11T20:00:00Z,SAS,111,MIL,93,0,regular
22200181,2022-11-11T21:30:00Z,MEM,114,MIN,103,0,regular
22200182,2022-11-11T22:00:00Z,GSW,106,CLE,101,0,regular
22200183,2022-11-11T22:30:00Z,LAL,114,SAC,120,0,regular
22200184,2022-11-12T16:00:00Z,LAC,95,BKN,110,0,regular
22200185,2022-11-12T18:00:00Z,WAS,121,UTA,112,0,regular
22200186,2022-11-12T19:00:00Z,DET,108,BOS,117,0,regular
22200187,2022-11-12T19:00:00Z,IND,118,TOR,104,0,regular
22200188,2022-11-12T19:30:00Z,PHI,121,ATL,109,0,regular
22200189,2022-11-12T20:00:00Z,MIA,132,CHA,115,0,regular
22200190,2022-11-12T20:30:00Z,DAL,117,POR,112,0,regular
22200191,2022-11-12T20:30:00Z,NOP,119,HOU,106,0,regular
22200192,2022-11-13T12:00:00Z,NYK,135,OKC,145,0,regular
22200194,2022-11-13T18:00:00Z,WAS,102,MEM,92,0,regular
22200193,2022-11-13T18:00:00Z,CLE,124,MIN,129,0,regular
22200195,2022-11-13T19:30:00Z,PHI,105,UTA,98,0,regular
22200196,2022-11-13T20:00:00Z,CHI,103,DEN,126,0,regular
22200197,2022-11-13T21:00:00Z,SAC,122,GSW,115,0,regular
22200198,2022-11-13T21:30:00Z,LAL,116,BKN,103,0,regular
22200199,2022-11-14T19:00:00Z,DET,111,TOR,115,0,regular
22200200,2022-11-14T19:00:00Z,ORL,105,CHA,112,0,regular
22200201,2022-11-14T19:30:00Z,BOS,126,OKC,122,0,regular
22200202,2022-11-14T19:30:00Z,MIA,113,PHX,112,0,regular
22200204,2022-11-14T20:00:00Z,MIL,106,ATL,121,0,regular
22200203,2022-11-14T20:00:00Z,HOU,106,LAC,122,0,regular
22200205,2022-11-14T22:00:00Z,GSW,132,SAS,95,0,regular
22200206,2022-11-15T19:30:00Z,NOP,113,MEM,102,0,regular
22200207,2022-11-15T20:30:00Z,DAL,103,LAC,101,0,regular
22200208,2022-11-15T21:00:00Z,UTA,111,NYK,118,0,regular
22200209,2022-11-15T22:00:00Z,POR,117,SAS,110,0,regular
22200210,2022-11-15T22:00:00Z,SAC,153,BKN,121,0,regular
22200212,2022-11-16T19:00:00Z,ORL,108,MIN,126,0,regular
22200213,2022-11-16T19:00:00Z,WAS,120,OKC,121,0,regular
22200211,2022-11-16T19:00:00Z,CHA,113,IND,125,0,regular
22200214,2022-11-16T19:30:00Z,ATL,101,BOS,126,0,regular
22200215,2022-11-16T19:30:00Z,TOR,112,MIA,104,0,regular
22200216,2022-11-16T20:00:00Z,MIL,113,CLE,98,0,regular
22200217,2022-11-16T20:00:00Z,NOP,124,CHI,110,0,regular
22200218,2022-11-16T20:30:00Z,DAL,92,HOU,101,0,regular
22200219,2022-11-16T22:00:00Z,DEN,103,NYK,106,0,regular
22200220,2022-11-16T22:00:00Z,PHX,130,GSW,119,0,regular
22200222,2022-11-17T22:00:00Z,SAC,130,SAS,112,0,regular
22200221,2022-11-17T22:00:00Z,POR,107,BKN,109,0,regular
22200223,2022-11-17T22:30:00Z,LAC,96,DET,91,0,regular
22200224,2022-11-18T19:00:00Z,WAS,107,MIA,106,1,regular
22200225,2022-11-18T19:30:00Z,CLE,132,CHA,122,2,regular
22200226,2022-11-18T19:30:00Z,PHI,110,MIL,102,0,regular
22200227,2022-11-18T20:00:00Z,CHI,107,ORL,108,0,regular
22200228,2022-11-18T20:00:00Z,HOU,91,IND,99,0,regular
22200229,2022-11-18T20:00:00Z,MEM,121,OKC,110,0,regular
22200230,2022-11-18T20:30:00Z,DAL,127,DEN,99,0,regular
22200231,2022-11-18T20:30:00Z,NOP,109,BOS,117,0,regular
22200232,2022-11-18T21:00:00Z,UTA,134,PHX,133,0,regular
22200233,2022-11-18T22:00:00Z,GSW,111,NYK,101,0,regular
22200234,2022-11-18T22:30:00Z,LAL,128,DET,121,0,regular
22200235,2022-11-19T18:00:00Z,ATL,124,TOR,122,1,regular
22200236,2022-11-19T19:00:00Z,IND,114,ORL,113,0,regular
22200237,2022-11-19T19:30:00Z,PHI,109,MIN,112,0,regular
22200238,2022-11-19T22:00:00Z,POR,113,UTA,118,0,regular
22200239,2022-11-19T22:30:00Z,LAC,119,SAS,97,0,regular
22200240,2022-11-20T15:30:00Z,PHX,116,NYK,95,0,regular
22200241,2022-11-20T18:00:00Z,WAS,106,CHA,102,0,regular
22200242,2022-11-20T18:00:00Z,SAC,137,DET,129,0,regular
22200244,2022-11-20T19:00:00Z,CLE,113,MIA,87,0,regular
22200243,2022-11-20T19:00:00Z,BKN,127,MEM,115,0,regular
22200245,2022-11-20T19:00:00Z,HOU,120,GSW,127,0,regular
22200246,2022-11-20T19:30:00Z,DAL,97,DEN,98,0,regular
22200247,2022-11-20T21:30:00Z,LAL,123,SAS,92,0,regular
22200248,2022-11-21T19:00:00Z,CLE,114,ATL,102,0,regular
22200249,2022-11-21T19:00:00Z,IND,123,ORL,102,0,regular
22200250,2022-11-21T20:00:00Z,CHI,121,BOS,107,0,regular
22200251,2022-11-21T20:00:00Z,MIL,119,POR,111,0,regular
22200252,2022-11-21T20:00:00Z,MIN,105,MIA,101,0,regular
22200253,2022-11-21T20:00:00Z,NOP,128,GSW,83,0,regular
22200254,2022-11-21T20:00:00Z,OKC,119,NYK,129,0,regular
22200255,2022-11-21T22:30:00Z,LAC,121,UTA,114,0,regular
22200256,2022-11-22T19:30:00Z,PHI,115,BKN,106,0,regular
22200257,2022-11-22T20:00:00Z,MEM,109,SAC,113,0,regular
22200258,2022-11-22T21:00:00Z,DEN,108,DET,110,0,regular
22200259,2022-11-22T22:00:00Z,PHX,115,LAL,105,0,regular
22200260,2022-11-23T19:00:00Z,CHA,107,PHI,101,0,regular
22200261,2022-11-23T19:00:00Z,CLE,114,POR,96,0,regular
22200262,2022-11-23T19:00:00Z,IND,101,MIN,115,0,regular
22200265,2022-11-23T19:30:00Z,MIA,113,WAS,105,0,regular
22200266,2022-11-23T19:30:00Z,TOR,98,BKN,112,0,regular
22200263,2022-11-23T19:30:00Z,ATL,115,SAC,106,0,regular
22200264,2022-11-23T19:30:00Z,BOS,125,DAL,112,0,regular
22200267,2022-11-23T20:00:00Z,MIL,113,CHI,118,0,regular
22200268,2022-11-23T20:00:00Z,OKC,126,DEN,131,1,regular
22200269,2022-11-23T20:00:00Z,SAS,110,NOP,129,0,regular
22200270,2022-11-23T21:00:00Z,UTA,116,DET,125,0,regular
22200271,2022-11-23T22:00:00Z,GSW,124,LAC,107,0,regular
22200272,2022-11-25T17:00:00Z,CHA,110,MIN,108,0,regular
22200273,2022-11-25T19:00:00Z,ORL,99,PHI,107,0,regular
22200274,2022-11-25T19:30:00Z,NYK,129,POR,132,1,regular
22200282,2022-11-25T20:00:00Z,SAS,94,LAL,105,0,regular
22200281,2022-11-25T20:00:00Z,OKC,123,CHI,119,1,regular
22200280,2022-11-25T20:00:00Z,MIL,117,CLE,102,0,regular
22200279,2022-11-25T20:00:00Z,MEM,132,NOP,111,0,regular
22200275,2022-11-25T20:00:00Z,BOS,122,SAC,104,0,regular
22200277,2022-11-25T20:00:00Z,MIA,110,WAS,107,0,regular
22200276,2022-11-25T20:00:00Z,IND,128,BKN,117,0,regular
22200278,2022-11-25T20:00:00Z,HOU,128,ATL,122,0,regular
22200283,2022-11-25T21:00:00Z,PHX,108,DET,102,0,regular
22200284,2022-11-25T22:00:00Z,GSW,129,UTA,118,0,regular
22200285,2022-11-25T22:30:00Z,LAC,104,DEN,114,0,regular
22200286,2022-11-26T17:00:00Z,TOR,105,DAL,100,0,regular
22200287,2022-11-26T20:00:00Z,HOU,118,OKC,105,0,regular
22200288,2022-11-26T20:00:00Z,SAS,138,LAL,143,0,regular
22200289,2022-11-26T21:00:00Z,PHX,113,UTA,112,0,regular
22200290,2022-11-27T15:00:00Z,BKN,111,POR,97,0,regular
22200291,2022-11-27T15:30:00Z,MIN,114,GSW,137,0,regular
22200292,2022-11-27T16:00:00Z,LAC,114,IND,100,0,regular
22200293,2022-11-27T17:00:00Z,ATL,98,MIA,106,0,regular
22200297,2022-11-27T18:00:00Z,ORL,103,PHI,133,0,regular
22200296,2022-11-27T18:00:00Z,NYK,123,MEM,127,0,regular
22200295,2022-11-27T18:00:00Z,DET,94,CLE,102,0,regular
22200294,2022-11-27T18:00:00Z,BOS,130,WAS,121,0,regular
22200298,2022-11-27T20:00:00Z,MIL,124,DAL,115,0,regular
22200299,2022-11-28T19:00:00Z,PHI,104,ATL,101,0,regular
22200300,2022-11-28T19:00:00Z,WAS,142,MIN,127,0,regular
22200301,2022-11-28T19:30:00Z,BOS,140,CHA,105,0,regular
22200302,2022-11-28T19:30:00Z,BKN,109,ORL,102,0,regular
22200303,2022-11-28T19:30:00Z,TOR,100,CLE,88,0,regular
22200304,2022-11-28T20:00:00Z,NOP,105,OKC,101,0,regular
22200306,2022-11-28T21:00:00Z,UTA,107,CHI,114,0,regular
22200305,2022-11-28T21:00:00Z,DEN,129,HOU,113,0,regular
22200307,2022-11-28T22:00:00Z,SAC,117,PHX,122,0,regular
22200308,2022-11-28T22:30:00Z,LAL,115,IND,116,0,regular
22200309,2022-11-29T19:00:00Z,DET,110,NYK,140,0,regular
22200310,2022-11-29T19:30:00Z,DAL,116,GSW,113,0,regular
22200311,2022-11-29T22:00:00Z,POR,112,LAC,118,0,regular
22200312,2022-11-30T19:00:00Z,CLE,113,PHI,85,0,regular
22200313,2022-11-30T19:00:00Z,ORL,108,ATL,125,0,regular
22200316,2022-11-30T19:30:00Z,NYK,103,MIL,109,0,regular
22200315,2022-11-30T19:30:00Z,BKN,113,WAS,107,0,regular
22200314,2022-11-30T19:30:00Z,BOS,134,MIA,121,0,regular
22200317,2022-11-30T20:00:00Z,MIN,109,MEM,101,0,regular
22200318,2022-11-30T20:00:00Z,NOP,126,TOR,108,0,regular
22200319,2022-11-30T20:00:00Z,OKC,119,SAS,111,0,regular
22200320,2022-11-30T21:00:00Z,DEN,120,HOU,100,0,regular
22200321,2022-11-30T21:00:00Z,PHX,132,CHI,113,0,regular
22200322,2022-11-30T21:00:00Z,UTA,125,LAC,112,0,regular
22200323,2022-11-30T22:00:00Z,SAC,137,IND,114,0,regular
22200324,2022-11-30T22:30:00Z,LAL,128,POR,109,0,regular
22200325,2022-12-01T19:00:00Z,DET,131,DAL,125,1,regular
22200326,2022-12-02T19:00:00Z,CHA,117,WAS,116,0,regular
22200331,2022-12-02T19:30:00Z,MIL,129,LAL,133,0,regular
22200330,2022-12-02T19:30:00Z,CLE,107,ORL,96,0,regular
22200329,2022-12-02T19:30:00Z,BKN,114,TOR,105,0,regular
22200328,2022-12-02T19:30:00Z,BOS,116,MIA,120,1,regular
22200327,2022-12-02T19:30:00Z,ATL,117,DEN,109,0,regular
22200332,2022-12-02T20:00:00Z,MEM,117,PHI,109,0,regular
22200333,2022-12-02T20:00:00Z,SAS,99,NOP,117,0,regular
22200334,2022-12-02T21:00:00Z,PHX,121,HOU,122,0,regular
22200335,2022-12-02T21:00:00Z,UTA,139,IND,119,0,regular
22200336,2022-12-02T22:00:00Z,GSW,119,CHI,111,0,regular
22200337,2022-12-03T12:30:00Z,NYK,100,DAL,121,0,regular
22200338,2022-12-03T16:00:00Z,LAC,96,SAC,123,0,regular
22200339,2022-12-03T18:00:00Z,CHA,96,MIL,105,0,regular
22200340,2022-12-03T20:00:00Z,TOR,121,ORL,108,0,regular
22200341,2022-12-03T20:00:00Z,MIN,128,OKC,135,0,regular
22200342,2022-12-03T20:30:00Z,GSW,120,HOU,101,0,regular
22200343,2022-12-03T21:00:00Z,UTA,111,POR,116,0,regular
22200344,2022-12-04T15:30:00Z,NOP,121,DEN,106,0,regular
22200345,2022-12-04T16:00:00Z,SAS,95,PHX,133,0,regular
22200350,2022-12-04T18:00:00Z,SAC,110,CHI,101,0,regular
22200348,2022-12-04T18:00:00Z,NYK,92,CLE,81,0,regular
22200349,2022-12-04T18:00:00Z,WAS,119,LAL,130,0,regular
22200346,2022-12-04T18:00:00Z,BKN,92,BOS,103,0,regular
22200347,2022-12-04T18:00:00Z,DET,112,MEM,122,0,regular
22200351,2022-12-04T21:00:00Z,POR,116,IND,100,0,regular
22200352,2022-12-05T19:00:00Z,CHA,117,LAC,119,0,regular
22200353,2022-12-05T19:00:00Z,ORL,102,MIL,109,0,regular
22200354,2022-12-05T19:30:00Z,ATL,114,OKC,121,0,regular
22200355,2022-12-05T19:30:00Z,TOR,110,BOS,116,0,regular
22200357,2022-12-05T20:00:00Z,MEM,101,MIA,93,0,regular
22200356,2022-12-05T20:00:00Z,HOU,132,PHI,123,2,regular
22200358,2022-12-05T20:30:00Z,DAL,130,PHX,111,0,regular
22200359,2022-12-05T22:00:00Z,GSW,104,IND,112,0,regular
22200360,2022-12-06T19:30:00Z,CLE,116,LAL,102,0,regular
22200361,2022-12-06T19:30:00Z,MIA,96,DET,116,0,regular
22200362,2022-12-06T22:00:00Z,DEN,115,DAL,116,0,regular
22200363,2022-12-07T19:00:00Z,ORL,116,LAC,111,1,regular
22200364,2022-12-07T19:30:00Z,BKN,122,CHA,116,0,regular
22200365,2022-12-07T19:30:00Z,NYK,113,ATL,89,0,regular
22200366,2022-12-07T19:30:00Z,TOR,126,LAL,113,0,regular
22200371,2022-12-07T20:00:00Z,NOP,104,DET,98,0,regular
22200369,2022-12-07T20:00:00Z,MIL,126,SAC,113,0,regular
22200370,2022-12-07T20:00:00Z,MIN,121,IND,115,0,regular
22200368,2022-12-07T20:00:00Z,MEM,123,OKC,102,0,regular
22200367,2022-12-07T20:00:00Z,CHI,115,WAS,111,0,regular
22200372,2022-12-07T21:00:00Z,UTA,124,GSW,123,0,regular
22200373,2022-12-07T22:00:00Z,PHX,98,BOS,125,0,regular
22200374,2022-12-08T19:30:00Z,MIA,115,LAC,110,0,regular
22200375,2022-12-08T20:30:00Z,SAS,118,HOU,109,0,regular
22200376,2022-12-08T22:00:00Z,POR,120,DEN,121,0,regular
22200378,2022-12-09T19:00:00Z,IND,121,WAS,111,0,regular
22200379,2022-12-09T19:00:00Z,ORL,113,TOR,109,0,regular
22200377,2022-12-09T19:00:00Z,CHA,102,NYK,121,0,regular
22200380,2022-12-09T19:30:00Z,BKN,120,ATL,116,0,regular
22200381,2022-12-09T19:30:00Z,CLE,95,SAC,106,0,regular
22200382,2022-12-09T19:30:00Z,PHI,133,LAL,122,1,regular
22200383,2022-12-09T20:00:00Z,MEM,114,DET,103,0,regular
22200384,2022-12-09T20:30:00Z,NOP,128,PHX,117,0,regular
22200385,2022-12-09T21:00:00Z,UTA,108,MIN,118,0,regular
22200386,2022-12-09T22:00:00Z,DAL,105,MIL,106,0,regular
22200387,2022-12-10T17:00:00Z,MIA,111,SAS,115,0,regular
22200388,2022-12-10T19:00:00Z,IND,133,BKN,136,0,regular
22200389,2022-12-10T19:00:00Z,WAS,107,LAC,114,0,regular
22200390,2022-12-10T19:30:00Z,CLE,110,OKC,102,0,regular
22200391,2022-12-10T20:00:00Z,CHI,144,DAL,115,0,regular
22200392,2022-12-10T20:30:00Z,GSW,123,BOS,107,0,regular
22200393,2022-12-10T21:00:00Z,DEN,115,UTA,110,0,regular
22200394,2022-12-10T22:00:00Z,POR,124,MIN,118,0,regular
22200395,2022-12-11T15:30:00Z,NOP,129,PHX,124,1,regular
22200398,2022-12-11T18:00:00Z,ORL,111,TOR,99,0,regular
22200399,2022-12-11T18:00:00Z,PHI,131,CHA,113,0,regular
22200396,2022-12-11T18:00:00Z,DET,117,LAL,124,0,regular
22200397,2022-12-11T18:00:00Z,NYK,112,SAC,99,0,regular
22200400,2022-12-11T18:30:00Z,ATL,123,CHI,122,1,regular
22200401,2022-12-11T19:00:00Z,HOU,97,MIL,92,0,regular
22200402,2022-12-12T19:00:00Z,IND,82,MIA,87,0,regular
22200403,2022-12-12T19:00:00Z,WAS,100,BKN,112,0,regular
22200404,2022-12-12T20:00:00Z,MEM,128,ATL,103,0,regular
22200405,2022-12-12T20:30:00Z,DAL,121,OKC,114,0,regular
22200406,2022-12-12T20:30:00Z,SAS,112,CLE,111,0,regular
22200407,2022-12-12T22:00:00Z,POR,133,MIN,112,0,regular
22200408,2022-12-12T22:30:00Z,LAC,113,BOS,93,0,regular
22200409,2022-12-13T19:00:00Z,PHI,123,SAC,103,0,regular
22200410,2022-12-13T19:30:00Z,MIL,128,GSW,111,0,regular
22200411,2022-12-13T20:00:00Z,HOU,111,PHX,97,0,regular
22200412,2022-12-13T21:00:00Z,UTA,121,NOP,100,0,regular
22200413,2022-12-13T22:00:00Z,LAL,118,BOS,122,1,regular
22200414,2022-12-14T19:00:00Z,CHA,134,DET,141,1,regular
22200415,2022-12-14T19:00:00Z,IND,125,GSW,119,0,regular
22200416,2022-12-14T19:00:00Z,ORL,135,ATL,124,0,regular
22200417,2022-12-14T19:30:00Z,TOR,123,SAC,124,0,regular
22200418,2022-12-14T19:30:00Z,CHI,120,NYK,128,1,regular
22200419,2022-12-14T20:00:00Z,OKC,108,MIA,110,0,regular
22200420,2022-12-14T20:00:00Z,SAS,112,POR,128,0,regular
22200422,2022-12-14T21:00:00Z,DEN,141,WAS,128,0,regular
22200421,2022-12-14T21:00:00Z,DAL,90,CLE,105,0,regular
22200423,2022-12-14T22:00:00Z,LAC,99,MIN,88,0,regular
22200424,2022-12-15T20:00:00Z,HOU,108,MIA,111,0,regular
22200425,2022-12-15T20:00:00Z,MEM,142,MIL,101,0,regular
22200426,2022-12-15T21:00:00Z,UTA,132,NOP,129,1,regular
22200427,2022-12-15T22:30:00Z,LAC,95,PHX,111,0,regular
22200428,2022-12-16T19:00:00Z,CHA,106,ATL,125,0,regular
22200429,2022-12-16T19:00:00Z,DET,113,SAC,122,0,regular
22200433,2022-12-16T19:30:00Z,TOR,116,BKN,119,0,regular
22200432,2022-12-16T19:30:00Z,PHI,118,GSW,106,0,regular
22200430,2022-12-16T19:30:00Z,BOS,109,ORL,117,0,regular
22200431,2022-12-16T19:30:00Z,CLE,118,IND,112,0,regular
22200434,2022-12-16T20:00:00Z,CHI,91,NYK,114,0,regular
22200435,2022-12-16T20:00:00Z,OKC,110,MIN,112,0,regular
22200436,2022-12-16T20:30:00Z,DAL,130,POR,110,0,regular
22200437,2022-12-16T22:00:00Z,LAL,126,DEN,108,0,regular
22200438,2022-12-17T16:00:00Z,LAC,102,WAS,93,0,regular
22200439,2022-12-17T17:00:00Z,SAS,101,MIA,111,0,regular
22200442,2022-12-17T20:00:00Z,MIL,123,UTA,97,0,regular
22200443,2022-12-17T20:00:00Z,OKC,115,MEM,109,0,regular
22200441,2022-12-17T20:00:00Z,HOU,95,POR,107,0,regular
22200440,2022-12-17T20:00:00Z,CLE,100,DAL,99,1,regular
22200444,2022-12-17T21:00:00Z,PHX,118,NOP,114,0,regular
22200445,2022-12-18T15:00:00Z,BOS,92,ORL,95,0,regular
22200446,2022-12-18T17:00:00Z,IND,106,NYK,109,0,regular
22200447,2022-12-18T18:00:00Z,DET,121,BKN,124,0,regular
22200448,2022-12-18T18:00:00Z,TOR,110,GSW,126,0,regular
22200449,2022-12-18T19:00:00Z,MIN,150,CHI,126,0,regular
22200450,2022-12-18T20:00:00Z,DEN,119,CHA,115,0,regular
22200451,2022-12-18T21:30:00Z,LAL,119,WAS,117,0,regular
22200453,2022-12-19T19:00:00Z,PHI,104,TOR,101,1,regular
22200452,2022-12-19T19:00:00Z,CLE,122,UTA,99,0,regular
22200454,2022-12-19T19:30:00Z,ATL,126,ORL,125,0,regular
22200455,2022-12-19T20:00:00Z,HOU,105,SAS,124,0,regular
22200456,2022-12-19T20:00:00Z,MIN,116,DAL,106,0,regular
22200457,2022-12-19T20:00:00Z,NOP,119,MIL,128,0,regular
22200458,2022-12-19T20:00:00Z,OKC,123,POR,121,0,regular
22200459,2022-12-19T21:00:00Z,PHX,130,LAL,104,0,regular
22200460,2022-12-19T22:00:00Z,SAC,119,CHA,125,0,regular
22200461,2022-12-20T19:00:00Z,DET,111,UTA,126,0,regular
22200463,2022-12-20T19:30:00Z,NYK,132,GSW,94,0,regular
22200462,2022-12-20T19:30:00Z,MIA,103,CHI,113,0,regular
22200464,2022-12-20T21:00:00Z,PHX,110,WAS,113,0,regular
22200465,2022-12-20T22:00:00Z,DEN,105,MEM,91,0,regular
22200466,2022-12-21T19:00:00Z,CLE,114,MIL,106,0,regular
22200467,2022-12-21T19:00:00Z,PHI,113,DET,93,0,regular
22200471,2022-12-21T19:30:00Z,NYK,106,TOR,113,0,regular
22200468,2022-12-21T19:30:00Z,ATL,108,CHI,110,0,regular
22200469,2022-12-21T19:30:00Z,BOS,112,IND,117,0,regular
22200470,2022-12-21T19:30:00Z,BKN,143,GSW,113,0,regular
22200474,2022-12-21T20:00:00Z,OKC,101,POR,98,0,regular
22200473,2022-12-21T20:00:00Z,MIN,99,DAL,104,0,regular
22200472,2022-12-21T20:00:00Z,HOU,110,ORL,116,0,regular
22200475,2022-12-21T22:00:00Z,SAC,134,LAL,120,0,regular
22200476,2022-12-21T22:30:00Z,LAC,126,CHA,105,0,regular
22200477,2022-12-22T20:00:00Z,NOP,126,SAS,117,0,regular
22200478,2022-12-22T21:00:00Z,UTA,120,WAS,112,0,regular
22200479,2022-12-23T19:00:00Z,ORL,133,SAS,113,0,regular
22200480,2022-12-23T19:00:00Z,PHI,119,LAC,114,0,regular
22200485,2022-12-23T19:30:00Z,NYK,117,CHI,118,0,regular
22200484,2022-12-23T19:30:00Z,CLE,107,TOR,118,0,regular
22200483,2022-12-23T19:30:00Z,BKN,118,MIL,100,0,regular
22200482,2022-12-23T19:30:00Z,BOS,121,MIN,109,0,regular
22200481,2022-12-23T19:30:00Z,ATL,130,DET,105,0,regular
22200486,2022-12-23T20:00:00Z,MIA,108,IND,111,0,regular
22200487,2022-12-23T20:00:00Z,HOU,106,DAL,112,0,regular
22200488,2022-12-23T20:00:00Z,OKC,125,NOP,128,1,regular
22200489,2022-12-23T21:00:00Z,DEN,120,POR,107,0,regular
22200490,2022-12-23T22:00:00Z,PHX,100,MEM,125,0,regular
22200491,2022-12-23T22:00:00Z,SAC,111,WAS,125,0,regular
22200492,2022-12-23T22:30:00Z,LAL,130,CHA,134,0,regular
22200493,2022-12-25T12:00:00Z,NYK,112,PHI,119,0,regular
22200494,2022-12-25T14:30:00Z,DAL,124,LAL,115,0,regular
22200495,2022-12-25T17:00:00Z,BOS,139,MIL,118,0,regular
22200496,2022-12-25T20:00:00Z,GSW,123,MEM,109,0,regular
22200497,2022-12-25T22:30:00Z,DEN,128,PHX,125,1,regular
22200498,2022-12-26T19:00:00Z,CLE,117,BKN,125,0,regular
22200499,2022-12-26T19:00:00Z,DET,131,LAC,142,1,regular
22200500,2022-12-26T19:30:00Z,MIA,113,MIN,110,0,regular
22200502,2022-12-26T20:00:00Z,NOP,113,IND,93,0,regular
22200503,2022-12-26T20:00:00Z,SAS,126,UTA,122,0,regular
22200501,2022-12-26T20:00:00Z,CHI,118,HOU,133,0,regular
22200504,2022-12-26T22:00:00Z,POR,124,CHA,113,0,regular
22200505,2022-12-27T19:00:00Z,ORL,110,LAL,129,0,regular
22200506,2022-12-27T19:00:00Z,WAS,116,PHI,111,0,regular
22200507,2022-12-27T19:30:00Z,BOS,126,HOU,102,0,regular
22200508,2022-12-27T19:30:00Z,IND,129,ATL,114,0,regular
22200509,2022-12-27T19:30:00Z,TOR,113,LAC,124,0,regular
22200511,2022-12-27T20:00:00Z,OKC,130,SAS,114,0,regular
22200510,2022-12-27T20:00:00Z,MEM,108,PHX,125,0,regular
22200512,2022-12-27T20:30:00Z,DAL,126,NYK,121,1,regular
22200514,2022-12-27T22:00:00Z,SAC,106,DEN,113,0,regular
22200513,2022-12-27T22:00:00Z,GSW,110,CHA,105,0,regular
22200515,2022-12-28T19:00:00Z,DET,121,ORL,101,0,regular
22200516,2022-12-28T19:00:00Z,WAS,127,PHX,102,0,regular
22200517,2022-12-28T19:30:00Z,ATL,107,BKN,108,0,regular
22200518,2022-12-28T19:30:00Z,MIA,112,LAL,98,0,regular
22200519,2022-12-28T20:00:00Z,CHI,119,MIL,113,1,regular
22200520,2022-12-28T20:00:00Z,NOP,119,MIN,118,0,regular
22200522,2022-12-28T22:00:00Z,SAC,127,DEN,126,0,regular
22200521,2022-12-28T22:00:00Z,GSW,112,UTA,107,0,regular
22200524,2022-12-29T19:00:00Z,IND,135,CLE,126,0,regular
22200523,2022-12-29T19:00:00Z,CHA,121,OKC,113,0,regular
22200525,2022-12-29T19:30:00Z,BOS,116,LAC,110,0,regular
22200526,2022-12-29T19:30:00Z,TOR,106,MEM,119,0,regular
22200527,2022-12-29T20:00:00Z,SAS,122,NYK,115,0,regular
22200528,2022-12-29T20:30:00Z,DAL,129,HOU,114,0,regular
22200529,2022-12-30T19:00:00Z,ORL,100,WAS,119,0,regular
22200530,2022-12-30T19:30:00Z,ATL,121,LAL,130,0,regular
22200531,2022-12-30T19:30:00Z,TOR,113,PHX,104,0,regular
22200533,2022-12-30T20:00:00Z,MIL,123,MIN,114,0,regular
22200532,2022-12-30T20:00:00Z,CHI,132,DET,118,0,regular
22200534,2022-12-30T20:30:00Z,NOP,127,PHI,116,0,regular
22200535,2022-12-30T21:00:00Z,DEN,124,MIA,119,0,regular
22200536,2022-12-30T22:00:00Z,GSW,118,POR,112,0,regular
22200537,2022-12-30T22:00:00Z,SAC,126,UTA,125,0,regular
22200538,2022-12-31T15:00:00Z,IND,131,LAC,130,0,regular
22200539,2022-12-31T19:00:00Z,CHA,106,BKN,123,0,regular
22200540,2022-12-31T19:00:00Z,CHI,102,CLE,103,0,regular
22200541,2022-12-31T19:00:00Z,HOU,88,NYK,108,0,regular
22200542,2022-12-31T19:00:00Z,SAS,125,DAL,126,0,regular
22200544,2022-12-31T20:00:00Z,MIN,104,DET,116,0,regular
22200545,2022-12-31T20:00:00Z,OKC,96,PHI,115,0,regular
22200543,2022-12-31T20:00:00Z,MEM,116,NOP,101,0,regular
22200546,2022-12-31T21:00:00Z,UTA,123,MIA,126,0,regular
22200547,2023-01-01T20:00:00Z,MEM,118,SAC,108,0,regular
22200548,2023-01-01T20:00:00Z,MIL,95,WAS,118,0,regular
22200549,2023-01-01T20:00:00Z,DEN,123,BOS,111,0,regular
22200550,2023-01-02T15:00:00Z,NYK,102,PHX,83,0,regular
22200553,2023-01-02T19:00:00Z,IND,122,TOR,114,0,regular
22200551,2023-01-02T19:00:00Z,CHA,115,LAL,121,0,regular
22200552,2023-01-02T19:00:00Z,CLE,145,CHI,134,1,regular
22200554,2023-01-02T19:00:00Z,PHI,120,NOP,111,0,regular
22200555,2023-01-02T19:30:00Z,BKN,139,SAS,103,0,regular
22200556,2023-01-02T20:00:00Z,HOU,106,DAL,111,0,regular
22200557,2023-01-02T20:00:00Z,MIN,124,DEN,111,0,regular
22200558,2023-01-02T22:00:00Z,GSW,143,ATL,141,2,regular
22200559,2023-01-02T22:00:00Z,POR,135,DET,106,0,regular
22200560,2023-01-02T22:30:00Z,LAC,100,MIA,110,0,regular
22200561,2023-01-03T20:00:00Z,MIL,123,WAS,113,0,regular
22200562,2023-01-03T20:00:00Z,OKC,150,BOS,117,0,regular
22200563,2023-01-03T21:00:00Z,UTA,115,SAC,117,0,regular
22200567,2023-01-04T19:00:00Z,PHI,129,IND,126,1,regular
22200566,2023-01-04T19:00:00Z,ORL,126,OKC,115,0,regular
22200565,2023-01-04T19:00:00Z,CLE,90,PHX,88,0,regular
22200564,2023-01-04T19:00:00Z,CHA,107,MEM,131,0,regular
22200568,2023-01-04T19:30:00Z,NYK,117,SAS,114,0,regular
22200569,2023-01-04T19:30:00Z,TOR,101,MIL,104,1,regular
22200570,2023-01-04T20:00:00Z,CHI,121,BKN,112,0,regular
22200571,2023-01-04T20:00:00Z,MIN,113,POR,106,0,regular
22200572,2023-01-04T20:00:00Z,NOP,119,HOU,108,0,regular
22200573,2023-01-04T22:00:00Z,GSW,119,DET,122,0,regular
22200574,2023-01-04T22:00:00Z,LAL,112,MIA,109,0,regular
22200575,2023-01-04T22:00:00Z,SAC,117,ATL,120,0,regular
22200576,2023-01-05T19:00:00Z,ORL,115,MEM,123,0,regular
22200577,2023-01-05T19:30:00Z,DAL,95,BOS,124,0,regular
22200578,2023-01-05T20:00:00Z,HOU,114,UTA,131,0,regular
22200579,2023-01-05T22:00:00Z,DEN,122,LAC,91,0,regular
22200580,2023-01-06T19:00:00Z,IND,108,POR,99,0,regular
22200581,2023-01-06T19:00:00Z,PHI,112,CHI,126,0,regular
22200586,2023-01-06T19:30:00Z,NOP,102,BKN,108,0,regular
22200582,2023-01-06T19:30:00Z,TOR,108,NYK,112,0,regular
22200583,2023-01-06T20:00:00Z,MIL,109,CHA,138,0,regular
22200584,2023-01-06T20:00:00Z,OKC,127,WAS,110,0,regular
22200585,2023-01-06T20:00:00Z,SAS,121,DET,109,0,regular
22200587,2023-01-06T21:00:00Z,MIN,128,LAC,115,0,regular
22200588,2023-01-06T21:00:00Z,DEN,121,CLE,108,0,regular
22200589,2023-01-06T22:00:00Z,PHX,96,MIA,104,0,regular
22200590,2023-01-06T22:30:00Z,LAL,130,ATL,114,0,regular
22200591,2023-01-07T18:00:00Z,SAS,116,BOS,121,0,regular
22200592,2023-01-07T20:00:00Z,CHI,126,UTA,118,0,regular
22200593,2023-01-07T20:00:00Z,DAL,127,NOP,117,0,regular
22200594,2023-01-07T20:30:00Z,GSW,101,ORL,115,0,regular
22200595,2023-01-07T22:00:00Z,SAC,134,LAL,136,0,regular
22200596,2023-01-08T15:00:00Z,DET,111,PHI,123,0,regular
22200597,2023-01-08T15:30:00Z,TOR,117,POR,105,0,regular
22200598,2023-01-08T17:00:00Z,IND,116,CHA,111,0,regular
22200599,2023-01-08T18:00:00Z,MIA,101,BKN,102,0,regular
22200600,2023-01-08T18:00:00Z,MEM,123,UTA,118,0,regular
22200601,2023-01-08T19:00:00Z,HOU,96,MIN,104,0,regular
22200602,2023-01-08T19:00:00Z,OKC,120,DAL,109,0,regular
22200603,2023-01-08T20:00:00Z,PHX,98,CLE,112,0,regular
22200604,2023-01-08T21:00:00Z,LAC,108,ATL,112,0,regular
22200605,2023-01-09T19:00:00Z,WAS,112,NOP,132,0,regular
22200607,2023-01-09T19:30:00Z,NYK,107,MIL,111,0,regular
22200606,2023-01-09T19:30:00Z,BOS,107,CHI,99,0,regular
22200608,2023-01-09T20:00:00Z,MEM,121,SAS,113,0,regular
22200609,2023-01-09T21:00:00Z,DEN,122,LAL,109,0,regular
22200610,2023-01-09T22:00:00Z,SAC,136,ORL,111,0,regular
22200612,2023-01-10T19:00:00Z,PHI,147,DET,116,0,regular
22200611,2023-01-10T19:30:00Z,MIA,112,OKC,111,0,regular
22200613,2023-01-10T19:30:00Z,TOR,132,CHA,120,0,regular
22200614,2023-01-10T21:00:00Z,UTA,116,CLE,114,0,regular
22200615,2023-01-10T22:00:00Z,GSW,113,PHX,125,0,regular
22200616,2023-01-10T22:00:00Z,POR,106,ORL,109,0,regular
22200617,2023-01-10T22:30:00Z,LAC,113,DAL,101,0,regular
22200618,2023-01-11T19:00:00Z,DET,135,MIN,118,0,regular
22200619,2023-01-11T19:00:00Z,WAS,100,CHI,97,0,regular
22200620,2023-01-11T19:30:00Z,ATL,105,MIL,114,0,regular
22200621,2023-01-11T19:30:00Z,BOS,125,NOP,114,0,regular
22200622,2023-01-11T19:30:00Z,NYK,119,IND,113,0,regular
22200623,2023-01-11T20:00:00Z,MEM,135,SAS,129,0,regular
22200624,2023-01-11T22:00:00Z,DEN,126,PHX,97,0,regular
22200625,2023-01-11T22:00:00Z,SAC,135,HOU,115,0,regular
22200626,2023-01-12T19:00:00Z,PHI,114,OKC,133,0,regular
22200629,2023-01-12T19:30:00Z,TOR,124,CHA,114,0,regular
22200627,2023-01-12T19:30:00Z,BKN,98,BOS,109,0,regular
22200628,2023-01-12T19:30:00Z,MIA,108,MIL,102,0,regular
22200630,2023-01-12T22:00:00Z,LAL,115,DAL,119,2,regular
22200631,2023-01-12T22:00:00Z,POR,113,CLE,119,0,regular
22200632,2023-01-13T19:00:00Z,DET,110,NOP,116,0,regular
22200633,2023-01-13T19:00:00Z,IND,111,ATL,113,0,regular
22200634,2023-01-13T19:00:00Z,WAS,108,NYK,112,0,regular
22200635,2023-01-13T19:30:00Z,SAS,113,GSW,144,0,regular
22200636,2023-01-13T20:00:00Z,CHI,110,OKC,124,0,regular
22200637,2023-01-13T20:00:00Z,MIN,121,PHX,116,0,regular
22200638,2023-01-13T21:00:00Z,UTA,112,ORL,108,0,regular
22200639,2023-01-13T22:00:00Z,LAC,103,DEN,115,0,regular
22200640,2023-01-13T22:00:00Z,SAC,139,HOU,114,0,regular
22200641,2023-01-14T13:00:00Z,MIA,111,MIL,95,0,regular
22200642,2023-01-14T19:00:00Z,CHA,106,BOS,122,0,regular
22200643,2023-01-14T19:00:00Z,IND,112,MEM,130,0,regular
22200644,2023-01-14T19:30:00Z,TOR,103,ATL,114,0,regular
22200645,2023-01-14T20:00:00Z,MIN,110,CLE,102,0,regular
22200646,2023-01-14T21:00:00Z,UTA,117,PHI,118,0,regular
22200647,2023-01-14T22:00:00Z,POR,136,DAL,119,0,regular
22200648,2023-01-15T13:00:00Z,DET,104,NYK,117,0,regular
22200649,2023-01-15T15:00:00Z,LAC,121,HOU,100,0,regular
22200650,2023-01-15T15:30:00Z,CHI,132,GSW,118,0,regular
22200651,2023-01-15T18:00:00Z,BKN,102,OKC,112,0,regular
22200652,2023-01-15T19:00:00Z,SAS,119,SAC,132,0,regular
22200653,2023-01-15T20:00:00Z,DEN,119,ORL,116,0,regular
22200654,2023-01-15T21:00:00Z,POR,140,DAL,123,0,regular
22200655,2023-01-15T21:30:00Z,LAL,112,PHI,113,0,regular
22200656,2023-01-16T13:00:00Z,CHA,118,BOS,130,0,regular
22200657,2023-01-16T14:30:00Z,MIL,132,IND,119,0,regular
22200659,2023-01-16T15:00:00Z,NYK,121,TOR,123,1,regular
22200660,2023-01-16T15:00:00Z,WAS,118,GSW,127,0,regular
22200658,2023-01-16T15:00:00Z,CLE,113,NOP,103,0,regular
22200661,2023-01-16T15:30:00Z,ATL,121,MIA,113,0,regular
22200662,2023-01-16T16:00:00Z,MIN,125,UTA,126,0,regular
22200663,2023-01-16T18:00:00Z,MEM,136,PHX,106,0,regular
22200664,2023-01-16T22:30:00Z,LAL,140,HOU,132,0,regular
22200665,2023-01-17T19:30:00Z,MIL,130,TOR,122,0,regular
22200666,2023-01-17T20:00:00Z,SAS,106,BKN,98,0,regular
22200667,2023-01-17T21:00:00Z,DEN,122,POR,113,0,regular
22200668,2023-01-17T22:00:00Z,LAC,110,PHI,120,0,regular
22200670,2023-01-18T19:30:00Z,DAL,122,ATL,130,0,regular
22200669,2023-01-18T19:30:00Z,NYK,105,WAS,116,0,regular
22200671,2023-01-18T20:00:00Z,HOU,117,CHA,122,0,regular
22200672,2023-01-18T20:00:00Z,MEM,115,CLE,114,0,regular
22200673,2023-01-18T20:00:00Z,NOP,98,MIA,124,0,regular
22200674,2023-01-18T20:00:00Z,OKC,126,IND,106,0,regular
22200675,2023-01-18T21:00:00Z,UTA,126,LAC,103,0,regular
22200676,2023-01-18T22:00:00Z,DEN,122,MIN,118,0,regular
22200677,2023-01-18T22:30:00Z,LAL,111,SAC,116,0,regular
22200678,2023-01-19T15:00:00Z,DET,108,CHI,126,0,regular
22200679,2023-01-19T19:30:00Z,BOS,121,GSW,118,1,regular
22200680,2023-01-19T20:00:00Z,MIN,128,TOR,126,0,regular
22200681,2023-01-19T22:00:00Z,PHX,117,BKN,112,0,regular
22200682,2023-01-19T22:00:00Z,POR,95,PHI,105,0,regular
22200683,2023-01-20T19:00:00Z,ORL,123,NOP,110,0,regular
22200684,2023-01-20T19:30:00Z,ATL,139,NYK,124,0,regular
22200685,2023-01-20T19:30:00Z,CLE,114,GSW,120,0,regular
22200686,2023-01-20T19:30:00Z,DAL,115,MIA,90,0,regular
22200687,2023-01-20T20:00:00Z,SAS,126,LAC,131,0,regular
22200688,2023-01-20T21:00:00Z,DEN,134,IND,111,0,regular
22200689,2023-01-20T21:00:00Z,UTA,106,BKN,117,0,regular
22200691,2023-01-20T22:00:00Z,SAC,118,OKC,113,0,regular
22200690,2023-01-20T22:00:00Z,LAL,122,MEM,121,0,regular
22200692,2023-01-21T17:00:00Z,TOR,104,BOS,106,0,regular
22200693,2023-01-21T19:00:00Z,WAS,138,ORL,118,0,regular
22200694,2023-01-21T19:30:00Z,ATL,118,CHA,122,0,regular
22200695,2023-01-21T19:30:00Z,CLE,114,MIL,102,0,regular
22200696,2023-01-21T20:00:00Z,MIN,113,HOU,104,0,regular
22200697,2023-01-21T21:00:00Z,PHX,112,IND,107,0,regular
22200698,2023-01-21T22:00:00Z,SAC,127,PHI,129,0,regular
22200701,2023-01-22T14:30:00Z,DAL,98,LAC,112,0,regular
22200699,2023-01-22T15:30:00Z,MIA,100,NOP,96,0,regular
22200700,2023-01-22T18:00:00Z,TOR,125,NYK,116,0,regular
22200702,2023-01-22T20:00:00Z,DEN,99,OKC,101,0,regular
22200703,2023-01-22T20:00:00Z,PHX,112,MEM,110,0,regular
22200704,2023-01-22T20:30:00Z,GSW,116,BKN,120,0,regular
22200705,2023-01-22T21:00:00Z,POR,112,LAL,121,0,regular
22200706,2023-01-23T19:00:00Z,DET,130,MIL,150,0,regular
22200707,2023-01-23T19:00:00Z,ORL,113,BOS,98,0,regular
22200708,2023-01-23T20:00:00Z,CHI,111,ATL,100,0,regular
22200709,2023-01-23T20:00:00Z,HOU,119,MIN,114,0,regular
22200710,2023-01-23T21:00:00Z,UTA,120,CHA,102,0,regular
22200711,2023-01-23T22:00:00Z,POR,147,SAS,127,0,regular
22200712,2023-01-23T22:30:00Z,SAC,133,MEM,100,0,regular
22200713,2023-01-24T19:00:00Z,IND,116,CHI,110,0,regular
22200714,2023-01-24T19:30:00Z,MIA,98,BOS,95,0,regular
22200715,2023-01-24T19:30:00Z,NYK,105,CLE,103,0,regular
22200716,2023-01-24T20:00:00Z,NOP,98,DEN,99,0,regular
22200717,2023-01-24T20:30:00Z,DAL,126,WAS,127,0,regular
22200718,2023-01-24T21:00:00Z,PHX,128,CHA,97,0,regular
22200719,2023-01-24T22:00:00Z,LAL,115,LAC,133,0,regular
22200720,2023-01-25T19:00:00Z,ORL,126,IND,120,0,regular
22200721,2023-01-25T19:30:00Z,PHI,137,BKN,133,0,regular
22200722,2023-01-25T20:00:00Z,HOU,103,WAS,108,0,regular
22200723,2023-01-25T20:00:00Z,MIL,107,DEN,99,0,regular
22200724,2023-01-25T20:00:00Z,NOP,102,MIN,111,0,regular
22200725,2023-01-25T20:00:00Z,OKC,132,ATL,137,0,regular
22200726,2023-01-25T22:00:00Z,GSW,122,MEM,120,0,regular
22200727,2023-01-25T22:00:00Z,POR,134,UTA,124,0,regular
22200728,2023-01-25T22:00:00Z,SAC,95,TOR,113,0,regular
22200729,2023-01-25T22:30:00Z,LAL,113,SAS,104,0,regular
22200732,2023-01-26T19:30:00Z,CHA,111,CHI,96,0,regular
22200731,2023-01-26T19:30:00Z,BKN,122,DET,130,0,regular
22200730,2023-01-26T19:30:00Z,BOS,117,NYK,120,1,regular
22200733,2023-01-26T20:00:00Z,HOU,95,CLE,113,0,regular
22200734,2023-01-26T22:00:00Z,PHX,95,DAL,99,0,regular
22200735,2023-01-26T22:30:00Z,LAC,138,SAS,100,0,regular
22200736,2023-01-27T19:00:00Z,IND,131,MIL,141,0,regular
22200737,2023-01-27T19:30:00Z,MIN,111,MEM,100,0,regular
22200738,2023-01-27T20:00:00Z,MIA,110,ORL,105,0,regular
22200739,2023-01-27T20:00:00Z,OKC,112,CLE,100,0,regular
22200740,2023-01-27T22:00:00Z,GSW,129,TOR,117,0,regular
22200741,2023-01-28T15:00:00Z,PHI,126,DEN,119,0,regular
22200742,2023-01-28T17:30:00Z,BKN,122,NYK,115,0,regular
22200743,2023-01-28T19:00:00Z,DET,114,HOU,117,0,regular
22200744,2023-01-28T19:00:00Z,ORL,109,CHI,128,0,regular
22200745,2023-01-28T19:30:00Z,ATL,113,LAC,120,0,regular
22200746,2023-01-28T20:00:00Z,MIN,117,SAC,110,0,regular
22200747,2023-01-28T20:00:00Z,NOP,103,WAS,113,0,regular
22200748,2023-01-28T20:00:00Z,SAS,118,PHX,128,1,regular
22200749,2023-01-28T20:30:00Z,BOS,125,LAL,121,1,regular
22200750,2023-01-28T21:00:00Z,UTA,108,DAL,100,0,regular
22200751,2023-01-28T22:00:00Z,POR,105,TOR,123,0,regular
22200752,2023-01-29T13:00:00Z,CHA,122,MIA,117,0,regular
22200753,2023-01-29T18:00:00Z,MEM,112,IND,100,0,regular
22200754,2023-01-29T19:00:00Z,CLE,122,LAC,99,0,regular
22200755,2023-01-29T20:00:00Z,MIL,135,NOP,110,0,regular
22200756,2023-01-30T19:00:00Z,PHI,109,ORL,119,0,regular
22200757,2023-01-30T19:30:00Z,BKN,121,LAL,104,0,regular
22200758,2023-01-30T20:00:00Z,MIN,111,SAC,118,1,regular
22200759,2023-01-30T20:00:00Z,OKC,120,GSW,128,0,regular
22200760,2023-01-30T20:00:00Z,SAS,106,WAS,127,0,regular
22200761,2023-01-30T20:30:00Z,DAL,111,DET,105,0,regular
22200762,2023-01-30T21:00:00Z,PHX,114,TOR,106,0,regular
22200763,2023-01-30T22:00:00Z,POR,129,ATL,125,0,regular
22200764,2023-01-31T19:00:00Z,CLE,97,MIA,100,0,regular
22200765,2023-01-31T19:30:00Z,NYK,123,LAL,129,1,regular
22200766,2023-01-31T20:00:00Z,CHI,103,LAC,108,0,regular
22200767,2023-01-31T20:00:00Z,MIL,124,CHA,115,0,regular
22200768,2023-01-31T22:00:00Z,DEN,122,NOP,113,0,regular
22200771,2023-02-01T19:00:00Z,MEM,112,POR,122,0,regular
22200770,2023-02-01T19:00:00Z,PHI,105,ORL,94,0,regular
22200772,2023-02-01T19:30:00Z,BOS,139,BKN,96,0,regular
22200773,2023-02-01T20:00:00Z,HOU,112,OKC,106,0,regular
22200774,2023-02-01T20:00:00Z,MIN,119,GSW,114,1,regular
22200775,2023-02-01T20:00:00Z,SAS,109,SAC,119,0,regular
22200776,2023-02-01T21:00:00Z,UTA,131,TOR,128,0,regular
22200777,2023-02-01T22:00:00Z,PHX,100,ATL,132,0,regular
22200778,2023-02-02T19:00:00Z,IND,111,LAL,112,0,regular
22200780,2023-02-02T19:30:00Z,NYK,106,MIA,104,0,regular
22200779,2023-02-02T19:30:00Z,CLE,128,MEM,113,0,regular
22200781,2023-02-02T20:00:00Z,CHI,114,CHA,98,0,regular
22200782,2023-02-02T20:30:00Z,DAL,111,NOP,106,0,regular
22200783,2023-02-02T21:00:00Z,DEN,134,GSW,117,0,regular
22200784,2023-02-02T22:00:00Z,MIL,106,LAC,105,0,regular
22200785,2023-02-03T19:00:00Z,DET,118,CHA,112,0,regular
22200786,2023-02-03T19:00:00Z,IND,107,SAC,104,0,regular
22200787,2023-02-03T19:00:00Z,WAS,116,POR,124,0,regular
22200788,2023-02-03T19:30:00Z,BOS,94,PHX,106,0,regular
22200791,2023-02-03T20:00:00Z,SAS,125,PHI,137,0,regular
22200789,2023-02-03T20:00:00Z,HOU,111,TOR,117,0,regular
22200790,2023-02-03T20:00:00Z,MIN,120,ORL,127,0,regular
22200792,2023-02-03T21:00:00Z,UTA,108,ATL,115,0,regular
22200793,2023-02-04T18:00:00Z,BKN,125,WAS,123,0,regular
22200798,2023-02-04T18:00:00Z,NOP,131,LAL,126,0,regular
22200794,2023-02-04T19:00:00Z,DET,100,PHX,116,0,regular
22200795,2023-02-04T19:00:00Z,NYK,128,LAC,134,1,regular
22200796,2023-02-04T20:00:00Z,CHI,129,POR,121,0,regular
22200797,2023-02-04T20:00:00Z,MIL,123,MIA,115,0,regular
22200799,2023-02-04T20:00:00Z,OKC,153,HOU,121,0,regular
22200800,2023-02-04T20:30:00Z,GSW,119,DAL,113,0,regular
22200801,2023-02-04T21:00:00Z,DEN,128,ATL,108,0,regular
22200802,2023-02-05T13:00:00Z,CHA,113,ORL,119,0,regular
22200803,2023-02-05T17:00:00Z,IND,103,CLE,122,0,regular
22200804,2023-02-05T18:00:00Z,NYK,108,PHI,97,0,regular
22200805,2023-02-05T18:00:00Z,MEM,103,TOR,106,0,regular
22200806,2023-02-05T19:00:00Z,MIN,128,DEN,98,0,regular
22200807,2023-02-05T19:00:00Z,NOP,136,SAC,104,0,regular
22200808,2023-02-06T19:00:00Z,DET,99,BOS,111,0,regular
22200809,2023-02-06T19:00:00Z,WAS,91,CLE,114,0,regular
22200810,2023-02-06T19:30:00Z,BKN,116,LAC,124,0,regular
22200812,2023-02-06T20:00:00Z,HOU,120,SAC,140,0,regular
22200811,2023-02-06T20:00:00Z,CHI,128,SAS,104,0,regular
22200813,2023-02-06T21:00:00Z,UTA,111,DAL,124,0,regular
22200814,2023-02-06T22:00:00Z,GSW,141,OKC,114,0,regular
22200815,2023-02-06T22:00:00Z,POR,108,MIL,127,0,regular
22200816,2023-02-07T19:00:00Z,ORL,98,NYK,102,0,regular
22200817,2023-02-07T19:30:00Z,BKN,112,PHX,116,0,regular
22200818,2023-02-07T19:30:00Z,NOP,116,ATL,107,0,regular
22200819,2023-02-07T20:00:00Z,MEM,104,CHI,89,0,regular
22200820,2023-02-07T21:00:00Z,DEN,146,MIN,112,0,regular
22200821,2023-02-07T22:00:00Z,LAL,130,OKC,133,0,regular
22200822,2023-02-08T19:00:00Z,CLE,113,DET,85,0,regular
22200823,2023-02-08T19:00:00Z,WAS,118,CHA,104,0,regular
22200826,2023-02-08T19:30:00Z,TOR,112,SAS,98,0,regular
22200825,2023-02-08T19:30:00Z,MIA,116,IND,111,0,regular
22200824,2023-02-08T19:30:00Z,BOS,106,PHI,99,0,regular
22200827,2023-02-08T20:00:00Z,HOU,128,SAC,130,0,regular
22200828,2023-02-08T21:00:00Z,UTA,118,MIN,143,0,regular
22200829,2023-02-08T22:00:00Z,LAC,104,DAL,110,0,regular
22200830,2023-02-08T22:00:00Z,POR,125,GSW,122,0,regular
22200831,2023-02-09T19:00:00Z,ORL,115,DEN,104,0,regular
22200832,2023-02-09T19:30:00Z,ATL,116,PHX,107,0,regular
22200833,2023-02-09T19:30:00Z,BKN,116,CHI,105,0,regular
22200834,2023-02-09T22:00:00Z,LAL,106,MIL,115,0,regular
22200835,2023-02-10T19:00:00Z,DET,138,SAS,131,2,regular
22200836,2023-02-10T19:00:00Z,IND,104,PHX,117,0,regular
22200837,2023-02-10T19:00:00Z,PHI,119,NYK,108,0,regular
22200839,2023-02-10T19:30:00Z,TOR,116,UTA,122,0,regular
22200838,2023-02-10T19:30:00Z,BOS,127,CHA,116,0,regular
22200841,2023-02-10T20:00:00Z,MEM,128,MIN,107,0,regular
22200840,2023-02-10T20:00:00Z,MIA,97,HOU,95,0,regular
22200842,2023-02-10T22:00:00Z,NOP,107,CLE,118,0,regular
22200843,2023-02-10T22:00:00Z,POR,129,OKC,138,0,regular
22200844,2023-02-10T22:00:00Z,SAC,114,DAL,122,0,regular
22200845,2023-02-10T22:30:00Z,LAC,106,MIL,119,0,regular
22200846,2023-02-11T18:00:00Z,BKN,98,PHI,101,0,regular
22200847,2023-02-11T19:00:00Z,CHA,105,DEN,119,0,regular
22200848,2023-02-11T19:00:00Z,ORL,103,MIA,107,1,regular
22200849,2023-02-11T19:00:00Z,WAS,127,IND,113,0,regular
22200851,2023-02-11T19:30:00Z,NYK,126,UTA,120,0,regular
22200850,2023-02-11T19:30:00Z,ATL,125,SAS,106,0,regular
22200852,2023-02-11T20:00:00Z,CLE,97,CHI,89,0,regular
22200853,2023-02-11T20:30:00Z,GSW,103,LAL,109,0,regular
22200854,2023-02-11T22:00:00Z,SAC,133,DAL,128,1,regular
22200855,2023-02-12T14:00:00Z,BOS,119,MEM,109,0,regular
22200856,2023-02-12T15:00:00Z,TOR,119,DET,118,0,regular
22200857,2023-02-13T19:00:00Z,CHA,144,ATL,138,0,regular
22200858,2023-02-13T19:00:00Z,CLE,117,SAS,109,0,regular
22200859,2023-02-13T19:00:00Z,IND,117,UTA,123,0,regular
22200860,2023-02-13T19:00:00Z,PHI,123,HOU,104,0,regular
22200861,2023-02-13T19:30:00Z,MIA,108,DEN,112,0,regular
22200862,2023-02-13T19:30:00Z,NYK,124,BKN,106,0,regular
22200863,2023-02-13T20:00:00Z,CHI,91,ORL,100,0,regular
22200864,2023-02-13T20:00:00Z,OKC,100,NOP,103,0,regular
22200865,2023-02-13T20:30:00Z,DAL,121,MIN,124,0,regular
22200866,2023-02-13T22:00:00Z,GSW,135,WAS,126,0,regular
22200867,2023-02-13T22:00:00Z,POR,127,LAL,115,0,regular
22200869,2023-02-14T19:30:00Z,MIL,131,BOS,125,1,regular
22200868,2023-02-14T19:30:00Z,TOR,123,ORL,113,0,regular
22200870,2023-02-14T21:00:00Z,PHX,120,SAC,109,0,regular
22200871,2023-02-14T22:00:00Z,LAC,134,GSW,124,0,regular
22200872,2023-02-14T22:00:00Z,POR,101,WAS,126,0,regular
22200873,2023-02-15T19:00:00Z,CHA,120,SAS,110,0,regular
22200874,2023-02-15T19:00:00Z,IND,117,CHI,113,0,regular
22200875,2023-02-15T19:30:00Z,PHI,118,CLE,112,0,regular
22200876,2023-02-15T19:30:00Z,ATL,101,NYK,122,0,regular
22200877,2023-02-15T19:30:00Z,BOS,127,DET,109,0,regular
22200878,2023-02-15T19:30:00Z,BKN,116,MIA,105,0,regular
22200879,2023-02-15T20:00:00Z,MEM,117,UTA,111,0,regular
22200880,2023-02-15T20:00:00Z,OKC,133,HOU,96,0,regular
22200881,2023-02-15T21:00:00Z,DEN,118,DAL,109,0,regular
22200882,2023-02-15T22:00:00Z,LAL,120,NOP,102,0,regular
22200883,2023-02-16T19:30:00Z,CHI,100,MIL,112,0,regular
22200884,2023-02-16T20:00:00Z,MIN,106,WAS,114,0,regular
22200885,2023-02-16T22:00:00Z,PHX,107,LAC,116,0,regular
22200888,2023-02-23T19:00:00Z,ORL,108,DET,106,0,regular
22200887,2023-02-23T19:00:00Z,IND,138,BOS,142,1,regular
22200886,2023-02-23T19:00:00Z,CLE,109,DEN,115,0,regular
22200889,2023-02-23T19:30:00Z,PHI,110,MEM,105,0,regular
22200890,2023-02-23T19:30:00Z,TOR,115,NOP,110,0,regular
22200891,2023-02-23T20:30:00Z,DAL,142,SAS,116,0,regular
22200892,2023-02-23T21:00:00Z,UTA,120,OKC,119,1,regular
22200893,2023-02-23T22:00:00Z,LAL,124,GSW,111,0,regular
22200894,2023-02-23T22:00:00Z,SAC,133,POR,116,0,regular
22200895,2023-02-24T19:00:00Z,WAS,109,NYK,115,0,regular
22200896,2023-02-24T19:30:00Z,ATL,136,CLE,119,0,regular
22200897,2023-02-24T19:30:00Z,MIL,128,MIA,99,0,regular
22200900,2023-02-24T20:00:00Z,CHI,131,BKN,87,0,regular
22200898,2023-02-24T20:00:00Z,MIN,113,CHA,121,0,regular
22200901,2023-02-24T22:00:00Z,GSW,116,HOU,101,0,regular
22200899,2023-02-24T22:00:00Z,PHX,124,OKC,115,0,regular
22200902,2023-02-24T22:30:00Z,LAC,175,SAC,176,2,regular
22200903,2023-02-25T12:00:00Z,DET,91,TOR,95,0,regular
22200904,2023-02-25T19:00:00Z,CHA,108,MIA,103,0,regular
22200905,2023-02-25T19:00:00Z,ORL,108,IND,121,0,regular
22200906,2023-02-25T19:30:00Z,NYK,128,NOP,106,0,regular
22200907,2023-02-25T20:00:00Z,MEM,112,DEN,94,0,regular
22200908,2023-02-25T20:30:00Z,PHI,107,BOS,110,0,regular
22200909,2023-02-25T21:00:00Z,UTA,118,SAS,102,0,regular
22200910,2023-02-26T13:00:00Z,MIL,104,PHX,101,0,regular
22200911,2023-02-26T15:00:00Z,ATL,129,BKN,127,0,regular
22200913,2023-02-26T15:30:00Z,DAL,108,LAL,111,0,regular
22200912,2023-02-26T15:30:00Z,CHI,102,WAS,82,0,regular
22200914,2023-02-26T18:00:00Z,CLE,118,TOR,93,0,regular
22200915,2023-02-26T19:00:00Z,OKC,115,SAC,124,0,regular
22200916,2023-02-26T19:30:00Z,GSW,109,MIN,104,0,regular
22200917,2023-02-26T21:00:00Z,POR,131,HOU,114,0,regular
22200918,2023-02-26T22:00:00Z,DEN,134,LAC,124,1,regular
22200919,2023-02-27T19:00:00Z,CHA,117,DET,106,0,regular
22200920,2023-02-27T19:00:00Z,PHI,99,MIA,101,0,regular
22200921,2023-02-27T19:30:00Z,NYK,109,BOS,94,0,regular
22200922,2023-02-27T20:00:00Z,NOP,93,ORL,101,0,regular
22200927,2023-02-28T19:30:00Z,MEM,121,LAL,109,0,regular
22200923,2023-02-28T19:30:00Z,ATL,116,WAS,119,0,regular
22200924,2023-02-28T19:30:00Z,BKN,104,MIL,118,0,regular
22200925,2023-02-28T19:30:00Z,TOR,104,CHI,98,0,regular
22200928,2023-02-28T20:00:00Z,OKC,117,SAC,123,0,regular
22200926,2023-02-28T20:00:00Z,HOU,112,DEN,133,0,regular
22200929,2023-02-28T20:30:00Z,DAL,122,IND,124,0,regular
22200930,2023-02-28T21:00:00Z,UTA,94,SAS,102,0,regular
22200931,2023-02-28T22:00:00Z,GSW,123,POR,105,0,regular
22200932,2023-02-28T22:00:00Z,LAC,101,MIN,108,0,regular
22200933,2023-03-01T19:00:00Z,CHA,91,PHX,105,0,regular
22200934,2023-03-01T19:00:00Z,DET,115,CHI,117,0,regular
22200935,2023-03-01T19:30:00Z,BOS,117,CLE,113,0,regular
22200936,2023-03-01T19:30:00Z,MIA,96,PHI,119,0,regular
22200937,2023-03-01T19:30:00Z,NYK,142,BKN,118,0,regular
22200938,2023-03-01T20:00:00Z,HOU,99,MEM,113,0,regular
22200940,2023-03-01T20:00:00Z,OKC,117,LAL,123,0,regular
22200939,2023-03-01T20:00:00Z,MIL,139,ORL,117,0,regular
22200941,2023-03-01T22:00:00Z,POR,110,NOP,121,0,regular
22200942,2023-03-02T19:00:00Z,WAS,119,TOR,108,0,regular
22200943,2023-03-02T19:30:00Z,DAL,133,PHI,126,0,regular
22200944,2023-03-02T20:30:00Z,SAS,110,IND,99,0,regular
22200945,2023-03-02T22:00:00Z,GSW,115,LAC,91,0,regular
22200946,2023-03-03T19:00:00Z,CHA,106,ORL,117,0,regular
22200948,2023-03-03T19:30:00Z,BOS,105,BKN,115,0,regular
22200947,2023-03-03T19:30:00Z,ATL,129,POR,111,0,regular
22200949,2023-03-03T20:00:00Z,MIA,120,NYK,122,0,regular
22200950,2023-03-03T20:00:00Z,CHI,104,PHX,125,0,regular
22200951,2023-03-03T20:00:00Z,OKC,130,UTA,103,0,regular
22200952,2023-03-03T22:00:00Z,DEN,113,MEM,97,0,regular
22200953,2023-03-03T22:00:00Z,GSW,108,NOP,99,0,regular
22200954,2023-03-03T22:00:00Z,SAC,128,LAC,127,0,regular
22200955,2023-03-03T22:30:00Z,LAL,102,MIN,110,0,regular
22200956,2023-03-04T17:00:00Z,WAS,109,TOR,116,1,regular
22200957,2023-03-04T19:30:00Z,CLE,114,DET,90,0,regular
22200958,2023-03-04T20:00:00Z,MIA,117,ATL,109,0,regular
22200959,2023-03-04T20:00:00Z,SAS,110,HOU,122,0,regular
22200960,2023-03-04T20:30:00Z,MIL,130,PHI,133,0,regular
22200961,2023-03-04T22:00:00Z,SAC,134,MIN,138,0,regular
22200962,2023-03-05T13:00:00Z,DAL,126,PHX,130,0,regular
22200963,2023-03-05T15:30:00Z,CHI,122,IND,125,0,regular
22200964,2023-03-05T15:30:00Z,LAL,113,GSW,105,0,regular
22200965,2023-03-05T18:00:00Z,BKN,102,CHA,86,0,regular
22200966,2023-03-05T18:00:00Z,ORL,119,POR,122,0,regular
22200967,2023-03-05T19:00:00Z,HOU,142,SAS,110,0,regular
22200968,2023-03-05T19:00:00Z,OKC,129,UTA,119,0,regular
22200969,2023-03-05T19:30:00Z,BOS,129,NYK,131,2,regular
22200973,2023-03-05T19:30:00Z,WAS,111,MIL,117,0,regular
22200970,2023-03-05T22:00:00Z,LAC,135,MEM,129,0,regular
22200971,2023-03-06T19:00:00Z,CLE,118,BOS,114,1,regular
22200972,2023-03-06T19:00:00Z,IND,143,PHI,147,0,regular
22200977,2023-03-06T19:00:00Z,DET,104,POR,110,0,regular
22200974,2023-03-06T19:30:00Z,MIA,130,ATL,128,0,regular
22200975,2023-03-06T21:00:00Z,DEN,118,TOR,113,0,regular
22200976,2023-03-06T22:00:00Z,SAC,123,NOP,108,0,regular
22200978,2023-03-07T19:00:00Z,ORL,123,MIL,134,0,regular
22200769,2023-03-07T19:00:00Z,DET,117,WAS,119,0,regular
22200979,2023-03-07T19:30:00Z,NYK,105,CHA,112,0,regular
22200980,2023-03-07T19:30:00Z,MIN,94,PHI,117,0,regular
22200981,2023-03-07T20:00:00Z,HOU,96,BKN,118,0,regular
22200982,2023-03-07T20:00:00Z,OKC,137,GSW,128,0,regular
22200983,2023-03-07T20:30:00Z,DAL,120,UTA,116,0,regular
22200984,2023-03-07T22:00:00Z,LAL,112,MEM,103,0,regular
22200985,2023-03-08T19:00:00Z,WAS,120,ATL,122,0,regular
22200986,2023-03-08T19:30:00Z,BOS,115,POR,93,0,regular
22200987,2023-03-08T19:30:00Z,MIA,100,CLE,104,0,regular
22200988,2023-03-08T19:30:00Z,NOP,113,DAL,106,0,regular
22200990,2023-03-08T21:00:00Z,PHX,132,OKC,101,0,regular
22200989,2023-03-08T21:00:00Z,DEN,96,CHI,117,0,regular
22200991,2023-03-08T22:00:00Z,LAC,108,TOR,100,0,regular
22200992,2023-03-09T19:00:00Z,DET,103,CHA,113,0,regular
22200993,2023-03-09T19:00:00Z,IND,134,HOU,125,1,regular
22200994,2023-03-09T19:00:00Z,ORL,124,UTA,131,0,regular
22200996,2023-03-09T19:30:00Z,MEM,131,GSW,110,0,regular
22200995,2023-03-09T20:00:00Z,MIL,118,BKN,113,0,regular
22200997,2023-03-09T22:00:00Z,SAC,122,NYK,117,0,regular
22200998,2023-03-10T19:00:00Z,PHI,120,POR,119,0,regular
22200999,2023-03-10T19:00:00Z,WAS,107,ATL,114,0,regular
22201000,2023-03-10T20:00:00Z,MIA,119,CLE,115,0,regular
22201001,2023-03-10T20:00:00Z,MIN,123,BKN,124,1,regular
22201002,2023-03-10T20:00:00Z,SAS,128,DEN,120,0,regular
22201003,2023-03-10T22:30:00Z,LAL,122,TOR,112,0,regular
22201004,2023-03-11T16:00:00Z,LAC,106,NYK,95,0,regular
22201005,2023-03-11T19:00:00Z,CHA,111,UTA,119,0,regular
22201006,2023-03-11T19:00:00Z,DET,115,IND,121,0,regular
22201007,2023-03-11T19:00:00Z,ORL,126,MIA,114,1,regular
22201008,2023-03-11T19:30:00Z,ATL,125,BOS,134,0,regular
22201009,2023-03-11T20:00:00Z,HOU,111,CHI,119,0,regular
22201010,2023-03-11T20:00:00Z,MEM,112,DAL,108,0,regular
22201011,2023-03-11T20:30:00Z,NOP,96,OKC,110,0,regular
22201012,2023-03-11T20:30:00Z,GSW,125,MIL,116,1,regular
22201013,2023-03-11T21:00:00Z,PHX,119,SAC,128,0,regular
22201014,2023-03-12T15:30:00Z,DEN,120,BKN,122,0,regular
22201015,2023-03-12T17:00:00Z,CHA,108,CLE,114,0,regular
22201016,2023-03-12T18:00:00Z,PHI,112,WAS,93,0,regular
22201017,2023-03-12T19:00:00Z,NOP,127,POR,110,0,regular
22201018,2023-03-12T19:00:00Z,SAS,90,OKC,102,0,regular
22201019,2023-03-12T21:00:00Z,LAL,108,NYK,112,0,regular
22201020,2023-03-13T19:00:00Z,DET,117,IND,97,0,regular
22201021,2023-03-13T19:30:00Z,ATL,115,MIN,136,0,regular
22201022,2023-03-13T19:30:00Z,MIA,119,UTA,115,0,regular
22201023,2023-03-13T19:30:00Z,DAL,88,MEM,104,0,regular
22201024,2023-03-13T20:00:00Z,HOU,111,BOS,109,0,regular
22201025,2023-03-13T22:00:00Z,GSW,123,PHX,112,0,regular
22201026,2023-03-13T22:00:00Z,SAC,124,MIL,133,0,regular
22201027,2023-03-14T19:00:00Z,CHA,104,CLE,120,0,regular
22201028,2023-03-14T19:00:00Z,WAS,117,DET,97,0,regular
22201029,2023-03-14T19:30:00Z,TOR,125,DEN,110,0,regular
22201030,2023-03-14T20:00:00Z,NOP,108,LAL,123,0,regular
22201031,2023-03-14T20:00:00Z,OKC,121,BKN,107,0,regular
22201032,2023-03-14T20:00:00Z,SAS,132,ORL,114,0,regular
22201033,2023-03-14T22:00:00Z,PHX,104,MIL,116,0,regular
22201034,2023-03-14T22:00:00Z,POR,107,NYK,123,0,regular
22201036,2023-03-15T19:30:00Z,MIA,138,MEM,119,0,regular
22201035,2023-03-15T19:30:00Z,CLE,109,PHI,118,0,regular
22201037,2023-03-15T20:00:00Z,CHI,114,SAC,117,0,regular
22201038,2023-03-15T20:00:00Z,HOU,114,LAL,110,0,regular
22201039,2023-03-15T20:00:00Z,MIN,102,BOS,104,0,regular
22201040,2023-03-15T20:30:00Z,SAS,128,DAL,137,1,regular
22201041,2023-03-15T22:00:00Z,LAC,134,GSW,126,0,regular
22201042,2023-03-16T19:00:00Z,DET,100,DEN,119,0,regular
22201043,2023-03-16T19:30:00Z,BKN,96,SAC,101,0,regular
22201044,2023-03-16T19:30:00Z,TOR,128,OKC,111,0,regular
22201045,2023-03-16T20:00:00Z,MIL,123,IND,139,0,regular
22201046,2023-03-16T22:00:00Z,PHX,116,ORL,113,0,regular
22201047,2023-03-17T19:00:00Z,CHA,82,PHI,121,0,regular
22201048,2023-03-17T19:30:00Z,ATL,127,GSW,119,0,regular
22201049,2023-03-17T19:30:00Z,CLE,117,WAS,94,0,regular
22201052,2023-03-17T20:00:00Z,SAS,120,MEM,126,1,regular
22201050,2023-03-17T20:00:00Z,CHI,139,MIN,131,2,regular
22201051,2023-03-17T20:00:00Z,HOU,114,NOP,112,0,regular
22201053,2023-03-17T22:00:00Z,POR,112,BOS,126,0,regular
22201054,2023-03-17T22:30:00Z,LAL,110,DAL,111,0,regular
22201055,2023-03-18T13:00:00Z,NYK,116,DEN,110,0,regular
22201056,2023-03-18T15:00:00Z,LAC,108,ORL,113,0,regular
22201057,2023-03-18T19:00:00Z,IND,121,PHI,141,0,regular
22201058,2023-03-18T19:00:00Z,TOR,122,MIN,107,0,regular
22201059,2023-03-18T20:00:00Z,WAS,118,SAC,132,0,regular
22201060,2023-03-18T20:00:00Z,CHI,113,MIA,99,0,regular
22201061,2023-03-18T20:00:00Z,MEM,133,GSW,119,0,regular
22201062,2023-03-18T21:00:00Z,UTA,118,BOS,117,0,regular
22201063,2023-03-19T15:30:00Z,BKN,102,DEN,108,0,regular
22201064,2023-03-19T15:30:00Z,OKC,124,PHX,120,0,regular
22201065,2023-03-19T16:00:00Z,SAS,126,ATL,118,0,regular
22201066,2023-03-19T18:00:00Z,DET,100,MIA,112,0,regular
22201067,2023-03-19T19:00:00Z,HOU,107,NOP,117,0,regular
22201068,2023-03-19T20:00:00Z,MIL,118,TOR,111,0,regular
22201069,2023-03-19T21:00:00Z,POR,102,LAC,117,0,regular
22201070,2023-03-19T21:30:00Z,LAL,111,ORL,105,0,regular
22201071,2023-03-20T19:00:00Z,CHA,115,IND,109,0,regular
22201072,2023-03-20T19:00:00Z,PHI,105,CHI,109,2,regular
22201073,2023-03-20T19:30:00Z,NYK,134,MIN,140,0,regular
22201074,2023-03-20T20:00:00Z,HOU,108,GSW,121,0,regular
22201075,2023-03-20T20:00:00Z,MEM,112,DAL,108,0,regular
22201076,2023-03-20T21:00:00Z,UTA,128,SAC,120,0,regular
22201077,2023-03-21T19:00:00Z,ORL,122,WAS,112,0,regular
22201078,2023-03-21T19:30:00Z,ATL,129,DET,107,0,regular
22201079,2023-03-21T19:30:00Z,BKN,109,CLE,115,0,regular
22201080,2023-03-21T20:00:00Z,NOP,119,SAS,84,0,regular
22201081,2023-03-21T22:00:00Z,SAC,109,BOS,132,0,regular
22201082,2023-03-21T22:30:00Z,LAC,100,OKC,101,0,regular
22201083,2023-03-22T19:00:00Z,WAS,104,DEN,118,0,regular
22201084,2023-03-22T19:30:00Z,MIA,127,NYK,120,0,regular
22201085,2023-03-22T19:30:00Z,TOR,114,IND,118,0,regular
22201086,2023-03-22T19:30:00Z,DAL,125,GSW,127,0,regular
22201087,2023-03-22T20:00:00Z,CHI,91,PHI,116,0,regular
22201088,2023-03-22T20:00:00Z,MEM,130,HOU,125,0,regular
22201089,2023-03-22T20:00:00Z,MIL,130,SAS,94,0,regular
22201090,2023-03-22T20:00:00Z,MIN,125,ATL,124,0,regular
22201091,2023-03-22T21:00:00Z,UTA,115,POR,127,0,regular
22201092,2023-03-22T22:00:00Z,LAL,122,PHX,111,0,regular
22201093,2023-03-23T19:00:00Z,ORL,111,NYK,106,0,regular
22201094,2023-03-23T19:30:00Z,BKN,114,CLE,116,0,regular
22201095,2023-03-23T20:00:00Z,NOP,115,CHA,96,0,regular
22201096,2023-03-23T22:30:00Z,LAC,127,OKC,105,0,regular
22201097,2023-03-24T19:00:00Z,BOS,120,IND,95,0,regular
22201098,2023-03-24T19:00:00Z,WAS,136,SAS,124,0,regular
22201099,2023-03-24T19:30:00Z,TOR,118,DET,97,0,regular
22201100,2023-03-24T20:00:00Z,MEM,151,HOU,114,0,regular
22201101,2023-03-24T20:30:00Z,DAL,109,CHA,117,0,regular
22201102,2023-03-24T21:00:00Z,UTA,116,MIL,144,0,regular
22201103,2023-03-24T22:00:00Z,GSW,120,PHI,112,0,regular
22201104,2023-03-24T22:00:00Z,POR,96,CHI,124,0,regular
22201105,2023-03-24T22:00:00Z,SAC,135,PHX,127,0,regular
22201106,2023-03-24T22:30:00Z,LAL,116,OKC,111,0,regular
22201107,2023-03-25T17:00:00Z,ATL,143,IND,130,0,regular
22201108,2023-03-25T20:00:00Z,MIA,100,BKN,129,0,regular
22201109,2023-03-25T21:00:00Z,DEN,129,MIL,106,0,regular
22201110,2023-03-25T22:00:00Z,PHX,125,PHI,105,0,regular
22201111,2023-03-25T22:00:00Z,SAC,121,UTA,113,0,regular
22201112,2023-03-25T22:30:00Z,LAC,110,NOP,131,0,regular
22201113,2023-03-26T13:00:00Z,CHA,110,DAL,104,0,regular
22201114,2023-03-26T15:30:00Z,LAL,108,CHI,118,0,regular
22201115,2023-03-26T18:00:00Z,ATL,119,MEM,123,0,regular
22201116,2023-03-26T18:00:00Z,BOS,137,SAS,93,0,regular
22201117,2023-03-26T18:00:00Z,CLE,108,HOU,91,0,regular
22201118,2023-03-26T18:00:00Z,ORL,119,BKN,106,0,regular
22201119,2023-03-26T18:00:00Z,TOR,114,WAS,104,0,regular
22201120,2023-03-26T19:00:00Z,POR,112,OKC,118,0,regular
22201121,2023-03-26T20:30:00Z,GSW,96,MIN,99,0,regular
22201122,2023-03-27T19:00:00Z,DET,117,MIL,126,0,regular
22201123,2023-03-27T19:00:00Z,IND,104,DAL,127,0,regular
22201124,2023-03-27T19:30:00Z,NYK,137,HOU,115,0,regular
22201125,2023-03-27T21:00:00Z,UTA,103,PHX,117,0,regular
22201126,2023-03-27T21:30:00Z,DEN,116,PHI,111,0,regular
22201127,2023-03-27T22:00:00Z,POR,90,NOP,124,0,regular
22201128,2023-03-27T22:00:00Z,SAC,115,MIN,119,0,regular
22201129,2023-03-27T22:30:00Z,LAC,124,CHI,112,0,regular
22201130,2023-03-28T19:00:00Z,WAS,130,BOS,111,0,regular
22201131,2023-03-28T19:30:00Z,ATL,120,CLE,118,0,regular
22201132,2023-03-28T19:30:00Z,TOR,106,MIA,92,0,regular
22201133,2023-03-28T20:00:00Z,MEM,113,ORL,108,0,regular
22201134,2023-03-28T20:00:00Z,OKC,134,CHA,137,0,regular
22201135,2023-03-28T22:00:00Z,GSW,120,NOP,109,0,regular
22201136,2023-03-29T19:00:00Z,IND,136,MIL,149,0,regular
22201137,2023-03-29T19:30:00Z,BKN,123,HOU,114,0,regular
22201138,2023-03-29T19:30:00Z,NYK,101,MIA,92,0,regular
22201139,2023-03-29T19:30:00Z,PHI,116,DAL,108,0,regular
22201143,2023-03-29T20:00:00Z,SAS,117,UTA,128,0,regular
22201142,2023-03-29T20:00:00Z,OKC,107,DET,106,0,regular
22201140,2023-03-29T20:00:00Z,CHI,110,LAL,121,0,regular
22201141,2023-03-29T20:00:00Z,MEM,132,LAC,141,0,regular
22201144,2023-03-29T22:00:00Z,PHX,107,MIN,100,0,regular
22201145,2023-03-29T22:00:00Z,POR,80,SAC,120,0,regular
22201146,2023-03-30T19:30:00Z,MIL,99,BOS,140,0,regular
22201147,2023-03-30T22:00:00Z,DEN,88,NOP,107,0,regular
22201148,2023-03-31T19:00:00Z,CHA,91,CHI,121,0,regular
22201149,2023-03-31T19:00:00Z,IND,121,OKC,117,0,regular
22201150,2023-03-31T19:00:00Z,PHI,117,TOR,110,0,regular
22201151,2023-03-31T19:00:00Z,WAS,109,ORL,116,0,regular
22201154,2023-03-31T19:30:00Z,CLE,116,NYK,130,0,regular
22201152,2023-03-31T19:30:00Z,BOS,122,UTA,114,0,regular
22201153,2023-03-31T19:30:00Z,BKN,124,ATL,107,0,regular
22201157,2023-03-31T20:00:00Z,MIN,111,LAL,123,0,regular
22201156,2023-03-31T20:00:00Z,MEM,108,LAC,94,0,regular
22201155,2023-03-31T20:00:00Z,HOU,121,DET,115,0,regular
22201158,2023-03-31T22:00:00Z,GSW,130,SAS,115,0,regular
22201159,2023-03-31T22:00:00Z,POR,114,SAC,138,0,regular
22201160,2023-03-31T22:30:00Z,PHX,100,DEN,93,0,regular
22201161,2023-04-01T19:30:00Z,MIA,129,DAL,122,0,regular
22201162,2023-04-01T20:30:00Z,NOP,122,LAC,114,0,regular
22201163,2023-04-02T13:00:00Z,CHA,108,TOR,128,0,regular
22201166,2023-04-02T15:30:00Z,MIN,105,POR,107,0,regular
22201164,2023-04-02T15:30:00Z,BKN,111,UTA,110,0,regular
22201165,2023-04-02T15:30:00Z,CHI,128,MEM,107,0,regular
22201169,2023-04-02T18:00:00Z,ORL,128,DET,102,0,regular
22201170,2023-04-02T18:00:00Z,SAC,134,SAS,142,1,regular
22201167,2023-04-02T18:00:00Z,ATL,132,DAL,130,1,regular
22201168,2023-04-02T18:00:00Z,NYK,118,WAS,109,0,regular
22201172,2023-04-02T19:00:00Z,OKC,118,PHX,128,0,regular
22201171,2023-04-02T19:00:00Z,HOU,109,LAL,134,0,regular
22201173,2023-04-02T20:00:00Z,CLE,115,IND,105,0,regular
22201174,2023-04-02T20:00:00Z,MIL,117,PHI,104,0,regular
22201175,2023-04-02T20:30:00Z,DEN,112,GSW,110,0,regular
22201176,2023-04-04T19:00:00Z,CHA,100,TOR,120,0,regular
22201177,2023-04-04T19:00:00Z,DET,105,MIA,118,0,regular
22201178,2023-04-04T19:00:00Z,ORL,113,CLE,117,0,regular
22201179,2023-04-04T19:00:00Z,WAS,128,MIL,140,0,regular
22201180,2023-04-04T19:30:00Z,BKN,102,MIN,107,0,regular
22201181,2023-04-04T20:00:00Z,PHI,103,BOS,101,0,regular
22201182,2023-04-04T20:00:00Z,CHI,105,ATL,123,0,regular
22201183,2023-04-04T20:00:00Z,HOU,124,DEN,103,0,regular
22201184,2023-04-04T20:00:00Z,MEM,119,POR,109,0,regular
22201185,2023-04-04T20:00:00Z,NOP,103,SAC,121,0,regular
22201186,2023-04-04T21:00:00Z,UTA,133,LAL,135,1,regular
22201187,2023-04-04T22:00:00Z,GSW,136,OKC,125,0,regular
22201188,2023-04-04T22:00:00Z,PHX,115,SAS,94,0,regular
22201189,2023-04-05T19:00:00Z,DET,108,BKN,123,0,regular
22201190,2023-04-05T19:00:00Z,IND,129,NYK,138,0,regular
22201191,2023-04-05T19:30:00Z,ATL,134,WAS,116,0,regular
22201192,2023-04-05T19:30:00Z,BOS,97,TOR,93,0,regular
22201193,2023-04-05T19:30:00Z,MIL,105,CHI,92,0,regular
22201194,2023-04-05T20:00:00Z,NOP,138,MEM,131,1,regular
22201195,2023-04-05T20:30:00Z,DAL,123,SAC,119,0,regular
22201196,2023-04-05T22:00:00Z,LAC,125,LAL,118,0,regular
22201197,2023-04-06T19:00:00Z,ORL,94,CLE,118,0,regular
22201198,2023-04-06T19:30:00Z,PHI,101,MIA,129,0,regular
22201199,2023-04-06T20:00:00Z,SAS,129,POR,127,0,regular
22201200,2023-04-06T21:00:00Z,UTA,98,OKC,114,0,regular
22201201,2023-04-06T22:00:00Z,PHX,119,DEN,115,0,regular
22201202,2023-04-07T19:00:00Z,CHA,109,HOU,112,0,regular
22201203,2023-04-07T19:00:00Z,IND,115,DET,122,0,regular
22201204,2023-04-07T19:00:00Z,WAS,114,MIA,108,0,regular
22201205,2023-04-07T19:30:00Z,ATL,131,PHI,136,1,regular
22201206,2023-04-07T19:30:00Z,BOS,121,TOR,102,0,regular
22201207,2023-04-07T19:30:00Z,BKN,101,ORL,84,0,regular
22201208,2023-04-07T20:00:00Z,MIL,114,MEM,137,0,regular
22201209,2023-04-07T20:00:00Z,NOP,113,NYK,105,0,regular
22201210,2023-04-07T20:30:00Z,DAL,112,CHI,115,0,regular
22201211,2023-04-07T22:00:00Z,SAC,97,GSW,119,0,regular
22201212,2023-04-07T22:30:00Z,LAL,121,PHX,107,0,regular
22201213,2023-04-08T15:30:00Z,UTA,118,DEN,114,0,regular
22201214,2023-04-08T16:00:00Z,SAS,131,MIN,151,0,regular
22201215,2023-04-08T16:00:00Z,LAC,136,POR,125,0,regular
22201223,2023-04-09T13:00:00Z,CHI,103,DET,81,0,regular
22201222,2023-04-09T13:00:00Z,WAS,109,HOU,114,0,regular
22201221,2023-04-09T13:00:00Z,TOR,121,MIL,105,0,regular
22201220,2023-04-09T13:00:00Z,NYK,136,IND,141,0,regular
22201216,2023-04-09T13:00:00Z,BOS,120,ATL,114,0,regular
22201218,2023-04-09T13:00:00Z,CLE,95,CHA,106,0,regular
22201217,2023-04-09T13:00:00Z,BKN,105,PHI,134,0,regular
22201219,2023-04-09T13:00:00Z,MIA,123,ORL,110,0,regular
22201229,2023-04-09T15:30:00Z,PHX,114,LAC,119,0,regular
22201224,2023-04-09T15:30:00Z,DAL,117,SAS,138,0,regular
22201225,2023-04-09T15:30:00Z,MIN,113,NOP,108,0,regular
22201226,2023-04-09T15:30:00Z,OKC,115,MEM,100,0,regular
22201227,2023-04-09T15:30:00Z,DEN,109,SAC,95,0,regular
22201228,2023-04-09T15:30:00Z,LAL,128,UTA,117,0,regular
22201230,2023-04-09T15:30:00Z,POR,101,GSW,157,0,regular
52200101,2023-04-11T19:30:00Z,MIA,105,ATL,116,0,playin
52200121,2023-04-11T22:00:00Z,LAL,108,MIN,102,1,playin
52200111,2023-04-12T19:00:00Z,TOR,105,CHI,109,0,playin
52200131,2023-04-12T21:30:00Z,NOP,118,OKC,123,0,playin
52200201,2023-04-14T19:00:00Z,MIA,102,CHI,91,0,playin
52200211,2023-04-14T21:30:00Z,MIN,120,OKC,95,0,playin
42200121,2023-04-15T13:00:00Z,PHI,121,BKN,101,0,playoff
42200111,2023-04-15T15:30:00Z,BOS,112,ATL,99,0,playoff
42200131,2023-04-15T18:00:00Z,CLE,97,NYK,101,0,playoff
42200161,2023-04-15T20:30:00Z,SAC,126,GSW,123,0,playoff
42200151,2023-04-16T15:00:00Z,MEM,112,LAL,128,0,playoff
42200101,2023-04-16T17:30:00Z,MIL,117,MIA,130,0,playoff
42200171,2023-04-16T20:00:00Z,PHX,110,LAC,115,0,playoff
42200141,2023-04-16T22:30:00Z,DEN,109,MIN,80,0,playoff
42200122,2023-04-17T19:30:00Z,PHI,96,BKN,84,0,playoff
42200162,2023-04-17T22:00:00Z,SAC,114,GSW,106,0,playoff
42200112,2023-04-18T19:00:00Z,BOS,119,ATL,106,0,playoff
42200132,2023-04-18T19:30:00Z,CLE,107,NYK,90,0,playoff
42200172,2023-04-18T22:00:00Z,PHX,123,LAC,109,0,playoff
42200152,2023-04-19T19:30:00Z,MEM,103,LAL,93,0,playoff
42200102,2023-04-19T21:00:00Z,MIL,138,MIA,122,0,playoff
42200142,2023-04-19T22:00:00Z,DEN,122,MIN,113,0,playoff
42200123,2023-04-20T19:30:00Z,BKN,97,PHI,102,0,playoff
42200163,2023-04-20T22:00:00Z,GSW,114,SAC,97,0,playoff
42200173,2023-04-20T22:30:00Z,LAC,124,PHX,129,0,playoff
42200113,2023-04-21T19:00:00Z,ATL,130,BOS,122,0,playoff
42200133,2023-04-21T20:30:00Z,NYK,99,CLE,79,0,playoff
42200143,2023-04-21T21:30:00Z,MIN,111,DEN,120,0,playoff
42200124,2023-04-22T13:00:00Z,BKN,88,PHI,96,0,playoff
42200174,2023-04-22T15:30:00Z,LAC,100,PHX,112,0,playoff
42200103,2023-04-22T19:30:00Z,MIA,121,MIL,99,0,playoff
42200153,2023-04-22T22:00:00Z,LAL,111,MEM,101,0,playoff
42200134,2023-04-23T13:00:00Z,NYK,102,CLE,93,0,playoff
42200164,2023-04-23T15:30:00Z,GSW,126,SAC,125,0,playoff
42200114,2023-04-23T19:00:00Z,ATL,121,BOS,129,0,playoff
42200144,2023-04-23T21:30:00Z,MIN,114,DEN,108,1,playoff
42200104,2023-04-24T19:30:00Z,MIA,119,MIL,114,0,playoff
42200154,2023-04-24T22:00:00Z,LAL,117,MEM,111,1,playoff
42200115,2023-04-25T19:30:00Z,BOS,117,ATL,119,0,playoff
42200145,2023-04-25T21:00:00Z,DEN,112,MIN,109,0,playoff
42200175,2023-04-25T22:00:00Z,PHX,136,LAC,130,0,playoff
42200135,2023-04-26T19:00:00Z,CLE,95,NYK,106,0,playoff
42200155,2023-04-26T19:30:00Z,MEM,116,LAL,99,0,playoff
42200105,2023-04-26T21:30:00Z,MIL,126,MIA,128,1,playoff
42200165,2023-04-26T22:00:00Z,SAC,116,GSW,123,0,playoff
42200116,2023-04-27T20:30:00Z,ATL,120,BOS,128,0,playoff
42200166,2023-04-28T20:00:00Z,GSW,99,SAC,118,0,playoff
42200156,2023-04-28T22:30:00Z,LAL,125,MEM,85,0,playoff
42200221,2023-04-29T20:30:00Z,DEN,125,PHX,107,0,playoff
42200201,2023-04-30T13:00:00Z,NYK,101,MIA,108,0,playoff
42200167,2023-04-30T15:30:00Z,SAC,100,GSW,120,0,playoff
42200211,2023-05-01T19:30:00Z,BOS,115,PHI,119,0,playoff
42200222,2023-05-01T22:00:00Z,DEN,97,PHX,87,0,playoff
42200202,2023-05-02T19:30:00Z,NYK,111,MIA,105,0,playoff
42200231,2023-05-02T22:00:00Z,GSW,112,LAL,117,0,playoff
42200212,2023-05-03T20:00:00Z,BOS,121,PHI,87,0,playoff
42200232,2023-05-04T21:00:00Z,GSW,127,LAL,100,0,playoff
42200213,2023-05-05T19:30:00Z,PHI,102,BOS,114,0,playoff
42200223,2023-05-05T22:00:00Z,PHX,121,DEN,114,0,playoff
42200203,2023-05-06T15:30:00Z,MIA,105,NYK,86,0,playoff
42200233,2023-05-06T20:30:00Z,LAL,127,GSW,97,0,playoff
42200214,2023-05-07T15:30:00Z,PHI,116,BOS,115,1,playoff
42200224,2023-05-07T20:00:00Z,PHX,129,DEN,124,0,playoff
42200204,2023-05-08T19:30:00Z,MIA,109,NYK,101,0,playoff
42200234,2023-05-08T22:00:00Z,LAL,104,GSW,101,0,playoff
42200215,2023-05-09T19:30:00Z,BOS,103,PHI,115,0,playoff
42200225,2023-05-09T22:00:00Z,DEN,118,PHX,102,0,playoff
42200205,2023-05-10T19:30:00Z,NYK,112,MIA,103,0,playoff
42200235,2023-05-10T22:00:00Z,GSW,121,LAL,106,0,playoff
42200216,2023-05-11T19:30:00Z,PHI,86,BOS,95,0,playoff
42200226,2023-05-11T22:00:00Z,PHX,100,DEN,125,0,playoff
42200206,2023-05-12T19:30:00Z,MIA,96,NYK,92,0,playoff
42200236,2023-05-12T22:00:00Z,LAL,122,GSW,101,0,playoff
42200217,2023-05-14T15:30:00Z,BOS,112,PHI,88,0,playoff
42200311,2023-05-16T20:30:00Z,DEN,132,LAL,126,0,playoff
42200301,2023-05-17T20:30:00Z,BOS,116,MIA,123,0,playoff
42200312,2023-05-18T20:30:00Z,DEN,108,LAL,103,0,playoff
42200302,2023-05-19T20:30:00Z,BOS,105,MIA,111,0,playoff
42200313,2023-05-20T20:30:00Z,LAL,108,DEN,119,0,playoff
42200303,2023-05-21T20:30:00Z,MIA,128,BOS,102,0,playoff
42200314,2023-05-22T20:30:00Z,LAL,111,DEN,113,0,playoff
42200304,2023-05-23T20:30:00Z,MIA,99,BOS,116,0,playoff
42200305,2023-05-25T20:30:00Z,BOS,110,MIA,97,0,playoff
42200306,2023-05-27T20:30:00Z,MIA,103,BOS,104,0,playoff
42200307,2023-05-29T20:30:00Z,BOS,84,MIA,103,0,playoff
42200401,2023-06-01T20:30:00Z,DEN,104,MIA,93,0,playoff
42200402,2023-06-04T20:00:00Z,DEN,108,MIA,111,0,playoff
42200403,2023-06-07T20:30:00Z,MIA,94,DEN,109,0,playoff
42200404,2023-06-09T20:30:00Z,MIA,95,DEN,108,0,playoff
42200405,2023-06-12T20:30:00Z,DEN,94,MIA,89,0,playoff
